rank,artist,track,scrobbles,lyrics,has_lyrics,lyrics_length,lyrics_word_count,lyrics_cache_path,tracks_fetched_at,compiled_at
1,"Dave Grohl, Josh Homme, Trent Reznor",Mantra (instrumental),100,,False,0,0,,2025-12-05T17:44:34.876376,2025-12-05T17:48:28.413784
2,Queens of the Stone Age,The Blood Is Love,99,"Saw you in a way beyond figurin' out
These lines of life have been drawn, and can't be removed
Our eyes is all it took to know
Open up your eyes, deep blue, glassy lake
And swim 'til water and sky now are one, out of two
Oh, my bloodshot eyes
Open up your mouth, touch your lips to mine
That we may make a kiss that can pierce through death and survive
Your words have branded my mind


But still I hold your hand, wrapped as if a ring
We of flesh and blood are only carrying
It's so hard to
Well, yo...",True,707,145,/Users/maxfiep/Library/CloudStorage/GoogleDrive-pmaxfield@gmail.com/My Drive/git_personal/Pete_Sandbox_personal/last.fm/Lyrics_top_songs/cache/lyrics/queens_of_the_stone_age/the_blood_is_love.txt,2025-12-05T17:44:34.876376,2025-12-05T17:48:28.414714
3,Death from Above 1979,Turn It Out,98,"Be there for you
Someday soon
Don't hold your breath

I'm on the move, I'm on the
Move

I know you have
So much to
Say to me but

I'm on the move, I'm on the
Move

Move
Move, move
Oh, we'll take the time
Take the time to turn it out",True,232,52,/Users/maxfiep/Library/CloudStorage/GoogleDrive-pmaxfield@gmail.com/My Drive/git_personal/Pete_Sandbox_personal/last.fm/Lyrics_top_songs/cache/lyrics/death_from_above_1979/turn_it_out.txt,2025-12-05T17:44:34.876376,2025-12-05T17:48:28.415290
4,Death from Above 1979,NVR 4EVR,97,"I wanted to leave
She said ""I know what you mean
But it might be cool if you stick around""
""Got nothing to say""
She said ""Just talk anyway
You got a real cool way of putting things down""

I know it's hard for you
To see, to see things through

I'm a lot like you so let's try to see where it goes
Don't go away too soon I'll follow
But never forever
Never forever

I wanted to preach
She said ""Just wait up for me I've got a lot more me to think about""
I said ""Go ahead I'll think about you as well
Y...",True,1005,209,/Users/maxfiep/Library/CloudStorage/GoogleDrive-pmaxfield@gmail.com/My Drive/git_personal/Pete_Sandbox_personal/last.fm/Lyrics_top_songs/cache/lyrics/death_from_above_1979/nvr_4evr.txt,2025-12-05T17:44:34.876376,2025-12-05T17:48:28.415956
5,Death from Above 1979,Going Steady,96,"Oh you should see her now, we still love her now
She is going steady, but we're not ready
We're not ready, oh, to see her fall, to see her fall
To see her fall in love

I know you are getting older
We should never turn our shoulder
I have never seen you suffer
I will never hurt you mother
I know you are getting older
We should never turn our shoulder
I have never seen you suffer
I will never hurt you mother
I know you are getting older
We should never turn our shoulder

I will never make you suf...",True,532,109,/Users/maxfiep/Library/CloudStorage/GoogleDrive-pmaxfield@gmail.com/My Drive/git_personal/Pete_Sandbox_personal/last.fm/Lyrics_top_songs/cache/lyrics/death_from_above_1979/going_steady.txt,2025-12-05T17:44:34.876376,2025-12-05T17:48:28.416392
6,Alice in Chains,Would?,95,"Would

Know me, broken 
by my master
Teach thee on child of 
love hereafter

Into the flood again
Same old trip it was back then
So I made a big mistake
Try to see it once my way

Drifting body, it's 
sole desertion
Flying not yet, 
quite the notion

Into the flood again
Same old trip it was back then
So I made a big mistake
Try to see it once my way


Into the flood again
Same old trip it was back then
So I made a big mistake
Try to see it once my way, yeah

Am I wrong?
Have I run too far to ge...",True,645,140,/Users/maxfiep/Library/CloudStorage/GoogleDrive-pmaxfield@gmail.com/My Drive/git_personal/Pete_Sandbox_personal/last.fm/Lyrics_top_songs/cache/lyrics/alice_in_chains/would.txt,2025-12-05T17:44:34.876376,2025-12-05T17:48:28.416804
7,Death from Above 1979,Sexy Results,94,"(Résultats sexuels)
(Les résultats sont super sexuels)

Sexy girl, meet me in the bathroom
Sexy girl, call me on the phone
Woman friend, take me to your bedroom
Let me show how I am full grown

Sexy woman, call me to your office
Sexy woman, meet me after work
I wanna show you how I handle business
I wanna show you how the mail-boy flirts
(C'est sexy)

My man wants to buy you something
He wants to take you out for dinner and dancing
My friend wants to take you out then home
Then home alone

Sexy ...",True,1062,213,/Users/maxfiep/Library/CloudStorage/GoogleDrive-pmaxfield@gmail.com/My Drive/git_personal/Pete_Sandbox_personal/last.fm/Lyrics_top_songs/cache/lyrics/death_from_above_1979/sexy_results.txt,2025-12-05T17:44:34.876376,2025-12-05T17:48:28.417340
8,Queens of the Stone Age,Misfit Love,93,"Wanna see my past in flames?
Don't waste a drop, baby, I ain't fussed
Where I was born, no escape
There there ain't even no good bad drugs
In the city, is it true?
If you don't, you act like you do
Feast of fools, I can't wait
Give 'em a taste of my misfit love

Complicate
Incarcerate
Feel my heart break up

Ain't born to lose, baby
I'm born to win
I'm so goddamn sick, baby, it's a sin
(It's a sin, oh)

Transforming
(Thrill, I need a thrill, a thrill, I need a thrill, oh, I want a thrill)
Is bec...",True,1739,359,/Users/maxfiep/Library/CloudStorage/GoogleDrive-pmaxfield@gmail.com/My Drive/git_personal/Pete_Sandbox_personal/last.fm/Lyrics_top_songs/cache/lyrics/queens_of_the_stone_age/misfit_love.txt,2025-12-05T17:44:34.876376,2025-12-05T17:48:28.417883
9,deadmau5,Messages from nowhere,92,,False,0,0,,2025-12-05T17:44:34.876376,2025-12-05T17:48:28.417923
10,Mad Season,November Hotel,91,,False,0,0,,2025-12-05T17:44:34.876376,2025-12-05T17:48:28.417946
11,Niteppl,Schatner,90,,False,0,0,,2025-12-05T17:44:34.876376,2025-12-05T17:48:28.417980
12,Them Crooked Vultures,Spinning in Daffodilss,89,"Once, out in the rain
I was able to strangle my shadow, unshackle the chain (Chain)
What, What will you do?
Is it safe to play God in the garden and king of the zoo? (You)
Holes, well, they need to be filled
Positions available, yet some are quite hard to get out of, or in (In)

Spinning in the daffodils
Dizzy from a dozen twirls
Spinning in the daffodils

Yeah, yeah
Yeah

Cold, alone and alive
You're afraid but that's not what I asked, wanna go for a ride?
Sharpen your teeth, my darlings, sharp...",True,1323,262,/Users/maxfiep/Library/CloudStorage/GoogleDrive-pmaxfield@gmail.com/My Drive/git_personal/Pete_Sandbox_personal/last.fm/Lyrics_top_songs/cache/lyrics/them_crooked_vultures/spinning_in_daffodilss.txt,2025-12-05T17:44:34.876376,2025-12-05T17:48:28.418561
13,Death from Above 1979,Nomad,88,"Chosen
Things are chosen for you
Setting
Stones are thrown at you
Questions
Everything is outside
Settings
Sunset station petting shadows
Nomad never home
No matter where you go
Cut down like they cut you
No matter what you do
Messes
Wander through the ages
Faces
Hidden from the day
Shiny
Levels under touch you
Dreams are like
Water to the fires of nightmare lives
Nomad never home
No matter where you go
Push them like they push you
No matter what you do
Nomad never home
No matter where you go",True,497,92,/Users/maxfiep/Library/CloudStorage/GoogleDrive-pmaxfield@gmail.com/My Drive/git_personal/Pete_Sandbox_personal/last.fm/Lyrics_top_songs/cache/lyrics/death_from_above_1979/nomad.txt,2025-12-05T17:44:34.876376,2025-12-05T17:48:28.419249
14,Kinki,Schedule for U ing Pillow  & Beanbag,87,,False,0,0,,2025-12-05T17:44:34.876376,2025-12-05T17:48:28.419276
15,Death from Above 1979,White Is Red,86,"Frankie was a heart-breaker; I didn't know it at the start
She was only sixteen when she went and broke my heart

And she pulled up in her dad's car wearin' white
She said she knew a place where we could hide
She didn't have her license, but she told me I could drive
So I drove all night

""Why don't you leave me?"" she asked that night
I said, ""I'll stay; I know the kid is mine
I'd never leave you; it isn't right
Let's stay together until the end of time""

Oh, now the white is red
Can't get it ou...",True,1671,341,/Users/maxfiep/Library/CloudStorage/GoogleDrive-pmaxfield@gmail.com/My Drive/git_personal/Pete_Sandbox_personal/last.fm/Lyrics_top_songs/cache/lyrics/death_from_above_1979/white_is_red.txt,2025-12-05T17:44:34.876376,2025-12-05T17:48:28.419845
16,Alice in Chains,No Excuses,85,"It's all right, there comes a time
Got no patience to search for peace of mind
Layin' low, wanna take it slow
No more hidin' or disguisin' truths I've sold

Every day, it's something, hits me all so cold
You find me sittin' by myself, no excuses, that I know

It's okay, had a bad day
Hands are bruised from breakin' rocks all day
Drained and blue, I bleed for you
You think it's funny, well, you're drownin' in it, too

Every day, it's something, hits me all so cold
You find me sitting by myself, n...",True,789,153,/Users/maxfiep/Library/CloudStorage/GoogleDrive-pmaxfield@gmail.com/My Drive/git_personal/Pete_Sandbox_personal/last.fm/Lyrics_top_songs/cache/lyrics/alice_in_chains/no_excuses.txt,2025-12-05T17:44:34.876376,2025-12-05T17:48:28.420536
17,Jack White,Hypocritical Kissss,84,"My temper got the best of me
And when I said that I mean I know every single thing that I said was true
And I know that you're mad at me
But if you're thinkin' like that, I think you'll see that you're mad at you too
And I know the feelin's strong
Strong enough to forget about all that I've been through
And it sounds obscene, but
Loud words never bothered me like they do to you
You're the boy that talks but says nothin'
A big game to the ones that you think'll believe you, yeah
But you don't kno...",True,782,158,/Users/maxfiep/Library/CloudStorage/GoogleDrive-pmaxfield@gmail.com/My Drive/git_personal/Pete_Sandbox_personal/last.fm/Lyrics_top_songs/cache/lyrics/jack_white/hypocritical_kissss.txt,2025-12-05T17:44:34.876376,2025-12-05T17:48:28.421063
18,Queens of the Stone Age,I Sat by the Ocean,83,"I sat by the ocean
And drank a potion, baby, to erase you
Face down in the boulevard, yet I couldn't face you
There ain't no use in cryin'
It doesn't change anything, so, baby, what good does it do?
Your friends, they all sympathize, maybe I don't need them to

Imagined I'd be your one and only
Instead, I'm the lonely one
You, me, and a lie
Silence is closer, we're passing ships in the night

There's nowhere to run away
Said, ""Boy, if you want love, you'll have to go and find it with someone new...",True,1004,195,/Users/maxfiep/Library/CloudStorage/GoogleDrive-pmaxfield@gmail.com/My Drive/git_personal/Pete_Sandbox_personal/last.fm/Lyrics_top_songs/cache/lyrics/queens_of_the_stone_age/i_sat_by_the_ocean.txt,2025-12-05T17:44:34.876376,2025-12-05T17:48:28.421740
19,Jamiroquai,Cloud 9,82,"You pick me up, then you put me down
Can't seem to find my way around ya
See what you think, when you don't think it now
You lost my love but someone found it
Now when the rain falls upon my head
I don't think of you that much at all
Just one thing seemed to make you care
Who's gonna drive and take you home?

Only a fool could walk away from me this time
I look up to Heaven, every star I see is mine
Only a fool could walk away from me this time
I'm walking on air, and every cloud is cloud 9

You...",True,1480,319,/Users/maxfiep/Library/CloudStorage/GoogleDrive-pmaxfield@gmail.com/My Drive/git_personal/Pete_Sandbox_personal/last.fm/Lyrics_top_songs/cache/lyrics/jamiroquai/cloud_9.txt,2025-12-05T17:44:34.876376,2025-12-05T17:48:28.422933
20,Tool,Parabola,81,"We barely remember
Who or what came before this precious moment
We are choosing to be here right now
Hold on, stay inside

This holy reality
This holy experience
Choosing to be here in

This body, this body holding me
Be my reminder here that I am not alone in
This body, this body holding me
Feeling eternal, all this pain is an illusion

Alive

In this holy reality
In this holy experience
Choosing to be here in

This body, this body holding me
Be my reminder here that I am not alone in
This body...",True,902,165,/Users/maxfiep/Library/CloudStorage/GoogleDrive-pmaxfield@gmail.com/My Drive/git_personal/Pete_Sandbox_personal/last.fm/Lyrics_top_songs/cache/lyrics/tool/parabola.txt,2025-12-05T17:44:34.876376,2025-12-05T17:48:28.423778
21,Reignwolf,Alligator,80,"Shut up
You finally gave up
You certainly, took your sweet time
Using up, all your bad luck, bad luck
Sooner or later, alligator
Oh, ooh
Shut up
You finally gave up
You certainly, took your sweet time
Using up, all your bad luck, bad luck, oh
Sooner or later, alligator
Alligator
(I don't mind) Shut up, oh
Ooooh
Ooooh
Ooooh
(Alligator) Ooooh",True,342,63,/Users/maxfiep/Library/CloudStorage/GoogleDrive-pmaxfield@gmail.com/My Drive/git_personal/Pete_Sandbox_personal/last.fm/Lyrics_top_songs/cache/lyrics/reignwolf/alligator.txt,2025-12-05T17:44:34.876376,2025-12-05T17:48:28.424541
22,The Cult,Phoenix,79,"Yeah
Oh, dig this

Like the heat from a thousand suns that burns on
Rising ever higher
A phoenix from a pyre
My eternal desire

I'm on fire
I'm on fire
I'm on fire
I'm on fire

Like a kiss from the lips of Ra that burns on
The pleasures getting wilder
Circling ever higher
A servant of desire

I'm on fire
I'm on fire
I'm on fire
I'm on fire

Like the heat from a thousand suns that burns on
Rising ever higher
A phoenix from a pyre
My eternal desire


Like a kiss from the lips of Ra that burns on
T...",True,795,157,/Users/maxfiep/Library/CloudStorage/GoogleDrive-pmaxfield@gmail.com/My Drive/git_personal/Pete_Sandbox_personal/last.fm/Lyrics_top_songs/cache/lyrics/the_cult/phoenix.txt,2025-12-05T17:44:34.876376,2025-12-05T17:48:28.424958
23,Queens of the Stone Age,In My Head,78,"It's the cruelest joke to play
I'm so high, I run in place
Only a line we separate, so

I keep on playin' our favorite song
I turn it up while you're gone
It's all I've got when you're in my head
And you're in my head, so I need it

You're the only thing I've got
But I can't seem to get enough
We collide for one embrace, so

I keep on playin' our favorite song
I turn it up while you're gone
It's all I've got when you're in my head
And you're in my head, so I need it
I keep on playin' our favorit...",True,1159,237,/Users/maxfiep/Library/CloudStorage/GoogleDrive-pmaxfield@gmail.com/My Drive/git_personal/Pete_Sandbox_personal/last.fm/Lyrics_top_songs/cache/lyrics/queens_of_the_stone_age/in_my_head.txt,2025-12-05T17:44:34.876376,2025-12-05T17:48:28.425473
24,The Heavy Eyes,Old Saltillo Road,77,"(Verse 1)
There's a tree in the graveyard
On Old Saltillo Road
Stretchin' towards the moonlight
It's a sight to behold
You'll forget who you are
You'll forget why you're there
And when the dead men start to dance
You'll hardly even care
(Chorus)
Watch the fire burn
See the fire grow
Shakin' the foundations
Of everything you know
Watch the fire burn, yeah
Watch the fire burn
(Verse 2)
I was there a while
I didn't get much sleep
I couldn't walk away
From 'em when they speak
I put my faith in a pro...",True,998,204,/Users/maxfiep/Library/CloudStorage/GoogleDrive-pmaxfield@gmail.com/My Drive/git_personal/Pete_Sandbox_personal/last.fm/Lyrics_top_songs/cache/lyrics/the_heavy_eyes/old_saltillo_road.txt,2025-12-05T17:44:34.876376,2025-12-05T17:48:28.426227
25,INXS,Need You Tonight,76,"Come over here

All you got is this moment
Twenty-first century's yesterday
You can care all you want
Everybody does, yeah, that's okay

So slide over here and give me a moment
Your moves are so raw, I've got to let you know
I've got to let you know
You're one of my kind
Ow
I need you tonight
'Cause I'm not sleepin'
There's something about you, girl
That makes me sweat

How do you feel? I'm lonely
What do you think? Can't think at all
What'cha gonna do? Gonna live my life

So slide over here and...",True,1155,238,/Users/maxfiep/Library/CloudStorage/GoogleDrive-pmaxfield@gmail.com/My Drive/git_personal/Pete_Sandbox_personal/last.fm/Lyrics_top_songs/cache/lyrics/inxs/need_you_tonight.txt,2025-12-05T17:44:34.876376,2025-12-05T17:48:28.426695
26,U2,I Still Haven't Found What I'm Looking For,75,"I have climbed highest mountain
I have run through the fields
Only to be with you
Only to be with you
I have run, I have crawled
I have scaled these city walls
These city walls
Only to be with you

But I still haven't found what I'm lookin' for
But I still haven't found what I'm lookin' for

I have kissed honey lips
Felt the healing fingertips
It burned like fire
This burnin' desire
I have spoke with the tongue of angels
I have held the hand of a devil
It was warm in the night
I was cold as a st...",True,1013,202,/Users/maxfiep/Library/CloudStorage/GoogleDrive-pmaxfield@gmail.com/My Drive/git_personal/Pete_Sandbox_personal/last.fm/Lyrics_top_songs/cache/lyrics/u2/i_still_havent_found_what_im_looking_for.txt,2025-12-05T17:44:34.876376,2025-12-05T17:48:28.427222
27,Desert Sessions,Crawl Home,74,"No more, it's done
Crawl home, get gone
Your love is evil
Lonesome
My bones

Took me such a long time to figure it out
Now is it too late? I can't do it now
Took me such a long time to figure it out
Don't take it away, oh away, oh

Snowstorm in my heart
Crawl home
Your goal is evil
I'm lonesome
Just dead moan
Where you dare

Took me such a long time to figure it out
Now is it too late? I can't do it now
Took me such a long time to figure it out
Don't take it away, oh away, oh
Took me such a long...",True,669,153,/Users/maxfiep/Library/CloudStorage/GoogleDrive-pmaxfield@gmail.com/My Drive/git_personal/Pete_Sandbox_personal/last.fm/Lyrics_top_songs/cache/lyrics/desert_sessions/crawl_home.txt,2025-12-05T17:44:34.876376,2025-12-05T17:48:28.427931
28,Queens of the Stone Age,Go With the Flow,73,"She said, ""I'll throw myself away
They're just photos after all""
I can't make you hang around
I can't wash you off my skin
Outside the frame is what we're leaving out
You won't remember anyway

I can go with the flow
Don't say it doesn't matter (With the flow)
Matter anymore
I can go with the flow (I can go)
Do you believe it in your head?

It's so safe to play along
Little soldiers in a row
Falling in and out of love
Something sweet to throw away
I want something good to die for
To make it beau...",True,807,166,/Users/maxfiep/Library/CloudStorage/GoogleDrive-pmaxfield@gmail.com/My Drive/git_personal/Pete_Sandbox_personal/last.fm/Lyrics_top_songs/cache/lyrics/queens_of_the_stone_age/go_with_the_flow.txt,2025-12-05T17:44:34.876376,2025-12-05T17:48:28.428701
29,Mad Season,Wake Up,72,"Wake up, young man, it's time to wake up
Your love affair has got to go
For ten long years
For ten long years, the leaves to rake up
Slow suicide's no way to go
Uh

Blue clouded gray, you're not a crack-up
Dizzy and weakened by the haze
Movin' onward
So an infection, not a phase!
Yeah-oh!


The cracks and lines from where you gave up
They make an easy man to read
Oh-oh, oh-oh
For all the times you let them bleed you
For a little peace from God you plead
And beg
For a little peace from God you pl...",True,942,182,/Users/maxfiep/Library/CloudStorage/GoogleDrive-pmaxfield@gmail.com/My Drive/git_personal/Pete_Sandbox_personal/last.fm/Lyrics_top_songs/cache/lyrics/mad_season/wake_up.txt,2025-12-05T17:44:34.876376,2025-12-05T17:48:28.429347
30,Ludwig Göransson,FOILS,71,,False,0,0,,2025-12-05T17:44:34.876376,2025-12-05T17:48:28.429406
31,Them Crooked Vultures,Gunman,70,"Gunman, grain of sand
Sisters could not speak
Father is a holy ghost
Then there's lions in a cage

It don't matter, don't try to explain
You're just another dog to be trained
Choke-chained
You're gonna end up under tooth and nail
If you catch a tiger by the tail
Don't fail


Brother does not dream anymore
Sisters could not sleep
Transformation incomplete, mercy killing those counting sheep
I'm the trigger, quick to fire, punctuate betwixt the eyes
You're clever, it ain't gonna help you

Violence...",True,1243,219,/Users/maxfiep/Library/CloudStorage/GoogleDrive-pmaxfield@gmail.com/My Drive/git_personal/Pete_Sandbox_personal/last.fm/Lyrics_top_songs/cache/lyrics/them_crooked_vultures/gunman.txt,2025-12-05T17:44:34.876376,2025-12-05T17:48:28.429844
32,Eagles of Death Metal,Anything 'Cept The Truth,69,"Ask me why I came so late
Ask me why I made you wait
What's the story?
Well, you ought to know
I had a little fight
I was dancing at a go-go
I'll tell you anything
Baby, except the truth
I'll tell you anything
Baby, except the truth
I've got nothing
But everything to prove
I never smile when I tell a lie
I swear the only one tonight
Ask me if I can be true
Ask me where I'm going to
I say I love you
But you ought to know
I only love the night
And I always gotts to go-go
I'll tell you anything
Bab...",True,519,112,/Users/maxfiep/Library/CloudStorage/GoogleDrive-pmaxfield@gmail.com/My Drive/git_personal/Pete_Sandbox_personal/last.fm/Lyrics_top_songs/cache/lyrics/eagles_of_death_metal/anything_cept_the_truth.txt,2025-12-05T17:44:34.876376,2025-12-05T17:48:28.430311
33,Eagles of Death Metal,Complexity,68,"You didn't want to scratch but then you got the itch
You only wanted Snow White but you got the witch
You know you're always paying for the shit that's free
It's not easy with this complexity
I tried to make it easy never stop the flow
Just keep it sweet and simple, let a little skin show
My socks and underwear, I like to keep them clean
It's so easy without complexity
You say you want to finish but you never start
You want to get it finished but you just try hard
It don't take nothing fancy, it...",True,1410,268,/Users/maxfiep/Library/CloudStorage/GoogleDrive-pmaxfield@gmail.com/My Drive/git_personal/Pete_Sandbox_personal/last.fm/Lyrics_top_songs/cache/lyrics/eagles_of_death_metal/complexity.txt,2025-12-05T17:44:34.876376,2025-12-05T17:48:28.432095
34,Queens of the Stone Age,Better Living Through Chemi try,67,,False,0,0,,2025-12-05T17:44:34.876376,2025-12-05T17:48:28.432128
35,Alice in Chains,I Stay Away,66,"Yeah, hey, I want to travel south this year
Ah, woah, woah, won't prevent safe passage here

Why you act crazy?
Not an act, maybe
So close, a lady
Shifty eyes, shady

Yeah, hey, yeah, tears that soak a callous heart

Why you act frightened?
I am enlightened
Your weakness builds me
So someday, you'll see

I stay away


Why you act crazy?
Not an act, maybe
So close, a lady
Shifty eyes, shady

I stay away
I stay away
I stay away
I stay away",True,441,86,/Users/maxfiep/Library/CloudStorage/GoogleDrive-pmaxfield@gmail.com/My Drive/git_personal/Pete_Sandbox_personal/last.fm/Lyrics_top_songs/cache/lyrics/alice_in_chains/i_stay_away.txt,2025-12-05T17:44:34.876376,2025-12-05T17:48:28.432684
36,Led Zeppelin,When the Levee Breaks,65,"If it keeps on raining, levee's going to break
If it keeps on raining, the levee's going to break
When the levee breaks, have no place to stay

Mean old levee taught me to weep and moan, oh
Mean old levee taught me to weep and moan
It's got what it takes to make a mountain man leave his home
Oh well, oh well, oh well, ooh

Oh, don't it make you feel bad
When you're trying to find your way home?
You don't know which way to go
If you're going down south
They got no work to do
If you're going north...",True,1198,241,/Users/maxfiep/Library/CloudStorage/GoogleDrive-pmaxfield@gmail.com/My Drive/git_personal/Pete_Sandbox_personal/last.fm/Lyrics_top_songs/cache/lyrics/led_zeppelin/when_the_levee_breaks.txt,2025-12-05T17:44:34.876376,2025-12-05T17:48:28.433275
37,Depeche Mode,I Feel You,64,"I feel you, your sun it shines
I feel you within my mind
You take me there, you take me where the kingdom comes
You take me to and lead me through Babylon

This is the morning of our love
It's just the dawning of our love

I feel you, your heart it sings
I feel you, the joy it brings
Where heaven waits, those golden gates and back again
You take me to and lead me through oblivion

This is the morning of our love
It's just the dawning of our love

I feel you, your precious soul
And I am whole
I f...",True,847,175,/Users/maxfiep/Library/CloudStorage/GoogleDrive-pmaxfield@gmail.com/My Drive/git_personal/Pete_Sandbox_personal/last.fm/Lyrics_top_songs/cache/lyrics/depeche_mode/i_feel_you.txt,2025-12-05T17:44:34.876376,2025-12-05T17:48:28.433663
38,Desert Sessions,Subcutaneou  Phat,63,,False,0,0,,2025-12-05T17:44:34.876376,2025-12-05T17:48:28.433696
39,The Cult,Big Neon Glitter,62,"Drag me back
And drag you back
And drag you back
Drag you back
Drag me back
Through the revolution without solution
And the wall gets taller
While you get smaller
While we get smaller
The fear is getting taller

A big neon glitter pushes into you
Sex from the hip at the crack of a whip
The wall gets taller
While you get smaller
Push against the big neon glitter
Pushes unto you

Drag me back
And drag you back
And drag you back
Drag you back
Drag me back
Through the revolution without solution
And...",True,939,182,/Users/maxfiep/Library/CloudStorage/GoogleDrive-pmaxfield@gmail.com/My Drive/git_personal/Pete_Sandbox_personal/last.fm/Lyrics_top_songs/cache/lyrics/the_cult/big_neon_glitter.txt,2025-12-05T17:44:34.876376,2025-12-05T17:48:28.434315
40,The Police,Every Little Thing She Does Is Magic,61,"Though I've tried before to tell her
Of the feelings I have for her in my heart
Every time that I come near her
I just lose my nerve, as I've done from the start

Every little thing she does is magic
Everything she do just turns me on
Even though my life before was tragic
Now I know my love for her goes on

Do I have to tell the story
Of a thousand rainy days since we first met
It's a big enough umbrella
But it's always me that ends up getting wet

Every little thing she does is magic
Everything...",True,1876,366,/Users/maxfiep/Library/CloudStorage/GoogleDrive-pmaxfield@gmail.com/My Drive/git_personal/Pete_Sandbox_personal/last.fm/Lyrics_top_songs/cache/lyrics/the_police/every_little_thing_she_does_is_magic.txt,2025-12-05T17:44:34.876376,2025-12-05T17:48:28.434879
41,Them Crooked Vultures,Bandolier,60,"Oh, it's too late
I got hit by the closing door
And as I watch myself reflect
On the wrong side of
My, you've changed
You turned a corner I'll never go
I admit I feel a bit deceived
You're expecting I'd follow

Bandoliers
To fight me dear
Nobody caused the rift
We've just grown apart now

So prepare, and take aim, then fire
Prepare, and take aim, and fire

On me
If that's the way it has to be

I'm fooling myself
Fooling myself into believing you
And all these fictionary tales
You're tellin' your...",True,1128,214,/Users/maxfiep/Library/CloudStorage/GoogleDrive-pmaxfield@gmail.com/My Drive/git_personal/Pete_Sandbox_personal/last.fm/Lyrics_top_songs/cache/lyrics/them_crooked_vultures/bandolier.txt,2025-12-05T17:44:34.876376,2025-12-05T17:48:28.436563
42,Queens of the Stone Age,3'  & 7',59,"Lie, lie to my face
Tell me it ain't nothing, that's what I wanna hear
Take the lie to the grave
That's what an old friend told me, look what it did for him

Oh-oh-oh-oh, oh-oh-oh-oh

The truth hurts so bad, wouldn't you say?
So why tell it?
If ignorance is bliss, then I'm in
Heaven now

Run, you'll never escape
You'll see you go nowhere, so new you appear
Broke, laid to waste
Turn into sweet nothings, kiss you goodbye

Oh-oh-oh-oh, oh-oh-oh-oh
Oh-oh-oh-oh, oh-oh-oh-oh

The truth hurts so bad, w...",True,893,168,/Users/maxfiep/Library/CloudStorage/GoogleDrive-pmaxfield@gmail.com/My Drive/git_personal/Pete_Sandbox_personal/last.fm/Lyrics_top_songs/cache/lyrics/queens_of_the_stone_age/3_7.txt,2025-12-05T17:44:34.876376,2025-12-05T17:48:28.437436
43,Interpol,The Rover,58,"Come and see me and maybe you'll die
But I can keep you in artwork, the fluid kind
That's enough for excitements today
Prostrated faded, it's pay-to-play

Come and see me, yeah, maybe you'll try
I've been holding these pyros til they could fly
Open up and enlighten again
Enjoy the skyline, it's an incremental end

""Walk in on your own feet""
Says the rover
""It's my way or they all leave""
Says the rover
(Ooooh, Ooooh)
The rover

Ça suffit, hell yeah, maybe it's time
You can't stick to the highways...",True,1171,217,/Users/maxfiep/Library/CloudStorage/GoogleDrive-pmaxfield@gmail.com/My Drive/git_personal/Pete_Sandbox_personal/last.fm/Lyrics_top_songs/cache/lyrics/interpol/the_rover.txt,2025-12-05T17:44:34.876376,2025-12-05T17:48:28.437911
44,Alice in Chains,Rotten Apple,57,"Hey, ah-na-na, innocence is over
Hey, ah-na-na, over
Hey, ah-na-na, ignorance is spoken
Hey, ah-na-na, spoken
Hey, ah-na-na, confidence is broken
Hey, ah-na-na, broken
Hey, ah-na-na, sustenance is stolen
Hey, ah-na-na, stolen
Hey, ah-na-na, arrogance is potent
Hey, ah-na-na, potent, yeah

What I see is unreal
I've written my own part
Eat of the apple, so young
I'm crawling back to start

Hey, ah-na-na, I repent tomorrow
Hey, ah-na-na, tomorrow
Hey, ah-na-na, I suspend my sorrow
Hey, ah-na-na, so...",True,892,148,/Users/maxfiep/Library/CloudStorage/GoogleDrive-pmaxfield@gmail.com/My Drive/git_personal/Pete_Sandbox_personal/last.fm/Lyrics_top_songs/cache/lyrics/alice_in_chains/rotten_apple.txt,2025-12-05T17:44:34.876376,2025-12-05T17:48:28.438562
45,Beastie Boys,Jimmy Jame,56,"This next one is the first song on our new album

People, how you doin'? There's a new day dawnin'
For the Earth Mother, it's a brand new mornin'
For such a long while, there's been such a longin'
But now the sun is shinin', let's roll back the awnin'

Mo-mo-mo
Mo-mo-mo
Mo-mo-mo-mo
Move your body

This a type of kinda like a formal dedication
Givin' out a shout for much inspiration
All I ever really want to do is get nice
Get loose and goof a little slice of life
Sendin' out love to all corners ...",True,1201,232,/Users/maxfiep/Library/CloudStorage/GoogleDrive-pmaxfield@gmail.com/My Drive/git_personal/Pete_Sandbox_personal/last.fm/Lyrics_top_songs/cache/lyrics/beastie_boys/jimmy_jame.txt,2025-12-05T17:44:34.876376,2025-12-05T17:48:28.440870
46,The Cult,Black Sun,55,"Don't you hit that defenseless child
What gives you that empty right?
Carry that for the rest of your life
Carry that for the rest of time
Did they hold you down?
Oh yeah
Did they push you around?
Oh yeah-yeah
Burning in the black sun
Like a jackle on the run, well
Burning in the black sun
Burning up in the black sun, whoa yeah
Rotten apples every one, ay
Look at them
Look at them run
Guilty now for what they have done
Did they hold you down?
Whoa yeah-yeah
Did they push you around?
Whoa yeah-ye...",True,1715,340,/Users/maxfiep/Library/CloudStorage/GoogleDrive-pmaxfield@gmail.com/My Drive/git_personal/Pete_Sandbox_personal/last.fm/Lyrics_top_songs/cache/lyrics/the_cult/black_sun.txt,2025-12-05T17:44:34.876376,2025-12-05T17:48:28.441978
47,U2,All I Want I  You,54,"You say you want
Diamonds on a ring of gold
You say you want
Your story to remain untold

But all the promises we made
From the cradle to the grave
When all I want is you

You say you'll give me
A highway with no one on it
Treasure just to look upon it
All the riches in the night

You say you'll give me
Eyes in the moon of blindness
A river in a time of dryness
A harbour in the tempest

But all the promises we make
From the cradle to the grave
When all I want is you

You say you want
Your love t...",True,791,173,/Users/maxfiep/Library/CloudStorage/GoogleDrive-pmaxfield@gmail.com/My Drive/git_personal/Pete_Sandbox_personal/last.fm/Lyrics_top_songs/cache/lyrics/u2/all_i_want_i_you.txt,2025-12-05T17:44:34.876376,2025-12-05T17:48:28.442646
48,Nine Inch Nails,Only,53,"I'm becoming less defined as days go by
Fading away and well, you might say I'm losing focus
Kinda drifting into the abstract
In terms of how I see myself
Sometimes I think I can see right through myself
Sometimes I think I can see right through myself
(I think sometimes I can see right through myself)

Less concerned about fitting into the world
Your world, that is
'Cause it doesn't really matter anymore
(No, it doesn't really matter anymore)
No, it doesn't really matter anymore
None of this re...",True,1705,345,/Users/maxfiep/Library/CloudStorage/GoogleDrive-pmaxfield@gmail.com/My Drive/git_personal/Pete_Sandbox_personal/last.fm/Lyrics_top_songs/cache/lyrics/nine_inch_nails/only.txt,2025-12-05T17:44:34.876376,2025-12-05T17:48:28.443358
49,Led Zeppelin,Trampled Under Foot,52,"Greased and slicked down fine
Groovy leather trim
I like the way you hold the road
Mama, it ain't no sin

Talking 'bout love
Talking 'bout love
Talking 'bout

Ooh, trouble-free transmission
Helps your oils flow
Mama, let me pump your gas
Mama, let me do it all

Talking 'bout love
Talking 'bout love
Talking 'bout

Check that heavy metal
Underneath your hood
Baby, I can work all night
Believe I got the perfect tools

Talking 'bout love
Talking 'bout love
Talking 'bout

A model built for comfort
Re...",True,1909,343,/Users/maxfiep/Library/CloudStorage/GoogleDrive-pmaxfield@gmail.com/My Drive/git_personal/Pete_Sandbox_personal/last.fm/Lyrics_top_songs/cache/lyrics/led_zeppelin/trampled_under_foot.txt,2025-12-05T17:44:34.876376,2025-12-05T17:48:28.444092
50,Van Halen,I'll Wait,51,"You've got me captured, I'm under your spell
I guess I'll never learn
I have your picture, yes, I know it well
Another page is turned
Are you for real? It's so hard to tell
From just a magazine
Yeah, you just smile and the picture sells
Look what that does to me

I'll wait 'til your love comes down
I'm coming straight for your heart
No way you can stop me now
As fine as you are

I wrote a letter and told her these words
That meant a lot to me
I never sent it, she wouldn't have heard
Her eyes do ...",True,1195,243,/Users/maxfiep/Library/CloudStorage/GoogleDrive-pmaxfield@gmail.com/My Drive/git_personal/Pete_Sandbox_personal/last.fm/Lyrics_top_songs/cache/lyrics/van_halen/ill_wait.txt,2025-12-05T17:44:34.876376,2025-12-05T17:48:28.444786
51,Death from Above 1979,Pull Out,50,"Oh, I love my girl, I want to get her off
Turn the lights up so I can see
Turn the lights up
Turn the lights up

1-2-3
Push in, push in, push in
Push in, push in
1-2-3

Pull out (Pull out)
Pull out (Pull out)
Pull out (Pull out)
Pull out (Pull out)
Pull out (Pull out)
Pull out (Pull out)
Pull out (Pull out)
Pull out (Pull out)

Let your spirit free, you've gotta
Let your spirit free, you've gotta
Let your spirit free, you've gotta
Let your spirit free, you've gotta
Let your spirit free
Let your ...",True,917,183,/Users/maxfiep/Library/CloudStorage/GoogleDrive-pmaxfield@gmail.com/My Drive/git_personal/Pete_Sandbox_personal/last.fm/Lyrics_top_songs/cache/lyrics/death_from_above_1979/pull_out.txt,2025-12-05T17:44:34.876376,2025-12-05T17:48:28.445381
52,Duran Duran,Save a Prayer,49,"You saw me standing by the wall
Corner of a main street
And the lights are flashing on your window sill
All alone ain't much fun
So you're looking for the thrill
And you know just what it takes
And where to go

Don't say a prayer for me now
Save it till the morning after
No, don't say a prayer for me now
Save it till the morning after

Feel the breeze deep on the inside
Look you down into your well (Do-do-do-do-do)
If you can, you'll see the world in all his fire (Do-do-do-do-do)
Take a chance l...",True,1659,315,/Users/maxfiep/Library/CloudStorage/GoogleDrive-pmaxfield@gmail.com/My Drive/git_personal/Pete_Sandbox_personal/last.fm/Lyrics_top_songs/cache/lyrics/duran_duran/save_a_prayer.txt,2025-12-05T17:44:34.876376,2025-12-05T17:48:28.445975
53,Queens of the Stone Age,Long Slow Goodbye,48,"Where have you gone again, my sweet?
Everybody wants to know
Where have you gone again, my sweet?
Everybody wants to know

Where you gone?
Where you gone? Oh-oh

I'm just a ghost, I'm on your street
Waitin', when you comin' home?
I'm just a ghost, I'm on your street
Waitin', when you comin' home?

Gone so long, oh
Where you gone?

On a long slow goodbye?
On a long slow goodbye?

In every voice, I hear you speak
Waitin' by the telephone
I close my eyes, I just can't sleep
Roll and tumble all nigh...",True,843,164,/Users/maxfiep/Library/CloudStorage/GoogleDrive-pmaxfield@gmail.com/My Drive/git_personal/Pete_Sandbox_personal/last.fm/Lyrics_top_songs/cache/lyrics/queens_of_the_stone_age/long_slow_goodbye.txt,2025-12-05T17:44:34.876376,2025-12-05T17:48:28.446805
54,Dave Grohl,Mantra,47,"A vision of you there
Standing tall
By the gate
Everything is new
Stare into
What is not
Yet
As your bones grow
And you feel the pain
In exchange
Experiences hang
Run round your mind
And collide
Hang your toes
Over the edge
Cause you can
You can switch your place
Hide inside
If you try
You'll open up your eyes
And realize
How you fit
In the wild
A lion is a lion
No apologies
And a leash
Is a leech
In the corral
You're safe and warm
Pass it on to
Every sheep
Time and time again
You stick yourself...",True,1317,272,/Users/maxfiep/Library/CloudStorage/GoogleDrive-pmaxfield@gmail.com/My Drive/git_personal/Pete_Sandbox_personal/last.fm/Lyrics_top_songs/cache/lyrics/dave_grohl/mantra.txt,2025-12-05T17:44:34.876376,2025-12-05T17:48:28.447631
55,Eagles of Death Metal,Cheap Thrill,46,"Can't afford no
(Cheap thrills)
(Whatcha doin'?)
I'm spendin time
(Whatcha doin'?)
Got my last dime
(Catch a fast babe)
I'm gonna try
(Catch a fast babe)
I'm gonna try
I see red
When my back's against the wall
I see red
Like the ocean when it's standing at the end
Of what your looking for
I see red
And that's all
(Whatcha doin'?)
I'm spending time
(Whatcha doin'?)
Got my last dime
(Catch a fast babe)
I'm on the sly
(Catch a fast babe)
I'm gonna try
Can't afford no
(Cheap thrills)",True,484,93,/Users/maxfiep/Library/CloudStorage/GoogleDrive-pmaxfield@gmail.com/My Drive/git_personal/Pete_Sandbox_personal/last.fm/Lyrics_top_songs/cache/lyrics/eagles_of_death_metal/cheap_thrill.txt,2025-12-05T17:44:34.876376,2025-12-05T17:48:28.448449
56,Mad Season,X-Ray Mind,45,"Do the laughs die when
One such as I run
And allow myself
Time for own true need
When convincing me
That you're on my team
May not lie to me
But not mentionin'

So sit back and have
An hysterical
Laugh at tiny holes
Buy and trade men's souls

X-ray mind reads
Plenty
Worth no more than
Pennies

You, they, it, or what
Have been fair, I thought
May you never free
You from you or me
See, the more I think
I'm afraid to blink
I don't move an inch
Slowly draining me

Hire a spy and
Bug me
Pimp your fri...",True,565,115,/Users/maxfiep/Library/CloudStorage/GoogleDrive-pmaxfield@gmail.com/My Drive/git_personal/Pete_Sandbox_personal/last.fm/Lyrics_top_songs/cache/lyrics/mad_season/x_ray_mind.txt,2025-12-05T17:44:34.876376,2025-12-05T17:48:28.448886
57,Daft Punk,Aerodynamic,44,,False,0,0,,2025-12-05T17:44:34.876376,2025-12-05T17:48:28.448914
58,Queens of the Stone Age,You Can't Quit Me Baby,0,"It's a mistake, but who knows?
Followed you home, crawled in your window
This life is a trip when you're psycho in love
And I know, oh-oh-oh-oh-oh
Oh-oh

Followed your friends, you were not there
Slashed and I cut, I bled in the sink
Heard what you said, and you're laughin', maybe
Slashed and I cut, and I do it for you
I want you to notice when I'm not around
Wherever you are, oh-ah-ah-ah-ah
Oh-ah, oh-oh-oh-ah-ah-ah
Ah-ah-ah, oh-oh


(Oh-oh-oh) You're solid gold, I'll see you in hell
(Oh-oh-oh) ...",True,700,119,/Users/maxfiep/Library/CloudStorage/GoogleDrive-pmaxfield@gmail.com/My Drive/git_personal/Pete_Sandbox_personal/last.fm/Lyrics_top_songs/cache/lyrics/queens_of_the_stone_age/you_cant_quit_me_baby.txt,2025-12-05T17:44:34.876376,2025-12-05T17:48:28.449810
59,The Dining Rooms,Invocation,0,,False,0,0,,2025-12-05T17:44:34.876376,2025-12-05T17:48:28.449838
60,The Fixx,One Thing Leads To Another,0,"The deception with tact
Just what are you trying to say?
You got a blank face, which irritates
Communicate, pull out your party piece
You see dimensions in two
State your case with black or white
But when one little cross leads to shots, grit your teeth
You run for cover, so discreet

Why don't they do what they say? Say what you mean
Oh, baby, one thing leads to another
You told me something wrong, I know I listened too long
But then one thing leads to another

The impression that you sell
Pass...",True,1987,378,/Users/maxfiep/Library/CloudStorage/GoogleDrive-pmaxfield@gmail.com/My Drive/git_personal/Pete_Sandbox_personal/last.fm/Lyrics_top_songs/cache/lyrics/the_fixx/one_thing_leads_to_another.txt,2025-12-05T17:44:34.876376,2025-12-05T17:48:28.450443
61,Ian Astbury,High Time Amplifier,0,"Take it high, let it ride, yeah love is on the rise
Take it high, let it ride, yeah love is on the rise
I got a high time amplifier, a high time amplifier, I feel good yeah
I got a high time amplifier, a high time amplifier, I feel good yeah
I got a high time amplifier, a high time amplifier, I feel good yeah
I see a star in her eye sky, that totally mystifies me, that totally mystifies me
I got a high time amplifier, a high time amplifier, I feel good yeah
So I'll knock it out of, the world it ...",True,2049,432,/Users/maxfiep/Library/CloudStorage/GoogleDrive-pmaxfield@gmail.com/My Drive/git_personal/Pete_Sandbox_personal/last.fm/Lyrics_top_songs/cache/lyrics/ian_astbury/high_time_amplifier.txt,2025-12-05T17:44:34.876376,2025-12-05T17:48:28.450948
62,Operatica,Under the De ert Sky,0,,False,0,0,,2025-12-05T17:44:34.876376,2025-12-05T17:48:28.451068
63,The Prodigy,Climbatize,0,,False,0,0,,2025-12-05T17:44:34.876376,2025-12-05T17:48:28.451095
64,Death from Above 1979,Romantic Rightss,0,"Your romantic rights are all that you got
Push them down, son, it's more than just lip
C'mon, girls, I know you know what you want
C'mon, c'mon now and give them all shh
You're beating walls now you just won't quit
You play with shapes but they just won't fit
I know you love me, you don't know what you like
You're watching TV, I stay up all night

I don't need you, I want you
I don't need you, I want you

South Carolina kid is heating things up
His wounds are bleeding and we're filling the cup
T...",True,1340,271,/Users/maxfiep/Library/CloudStorage/GoogleDrive-pmaxfield@gmail.com/My Drive/git_personal/Pete_Sandbox_personal/last.fm/Lyrics_top_songs/cache/lyrics/death_from_above_1979/romantic_rightss.txt,2025-12-05T17:44:34.876376,2025-12-05T17:48:28.451611
65,Beck,Hell Yess,0,"Looking for my place on assembly lines
Fake prizes rising out of the bombholes
Skeleton boys hyped up on purple
Smoke rings blow from across the disco
Bank notes burn like broken equipment
Looking for shelter, readjust your position
Thought control, ghost written confessions
Two dimensions, dumb your head down
Duck, don't look now, company missiles
Power is raunchy, rent-a-cops are watching
Making their dreams out of papier-mâché
Cliche wasted hate taste tested

(Hell yes) I'm moving this way, I...",True,1540,262,/Users/maxfiep/Library/CloudStorage/GoogleDrive-pmaxfield@gmail.com/My Drive/git_personal/Pete_Sandbox_personal/last.fm/Lyrics_top_songs/cache/lyrics/beck/hell_yess.txt,2025-12-05T17:44:34.876376,2025-12-05T17:48:28.452083
66,Jack White,Sixteen Saltine,0,"Woo

She's got stickers on her locker
And the boy's number's there in magic marker
I'm hungry and the hunger will linger
I eat sixteen saltine crackers, then I lick my fingers
Well, every morning, I deliver the news
Black hat, white shoes and I'm red all over
She's got a pink mailbox that she puts out front
Garbage in, garbage out; she's gettin' what she wants

Who's jealous, who's jealous, who's jealous, who's jealous of who?
If I get busy, then I couldn't care less what you do
But when I'm by ...",True,1420,262,/Users/maxfiep/Library/CloudStorage/GoogleDrive-pmaxfield@gmail.com/My Drive/git_personal/Pete_Sandbox_personal/last.fm/Lyrics_top_songs/cache/lyrics/jack_white/sixteen_saltine.txt,2025-12-05T17:44:34.876376,2025-12-05T17:48:28.452593
67,Queens of the Stone Age,"Sick, Sick, Sick",0,"Young, dumb, don't see a problem
Bloodshot, stare like a hoodlum
Simple as this: I'm in love with the risk
I know what I've done, but tell me what did I miss, so
Please don't save something
Waste not, save nothing
Lose the halo, don't need to resist
A lick of the lips and a grip on your hips, oh

Sick, sick, sick
Don't resist
Sick, sick, sick
Don't resist

First thing we succumb to
Shall erase and undo
Days of unrelease, if there's no police
Race to slip into whatever fits you
Make something, ma...",True,1454,259,/Users/maxfiep/Library/CloudStorage/GoogleDrive-pmaxfield@gmail.com/My Drive/git_personal/Pete_Sandbox_personal/last.fm/Lyrics_top_songs/cache/lyrics/queens_of_the_stone_age/sick_sick_sick.txt,2025-12-05T17:44:34.876376,2025-12-05T17:48:28.453392
68,Van Halen,Girl Gone Bad,0,"Ah, lazy eyes in the summer heat
Fresh from out of town
Now she's working on the street
Shakin' poor boys down

Ooh (Girl) ooh, girl gone bad, yeah
(Girl) Girl gone bad

Found that girl with a lonesome John
But she should've been with me
Guess that woman fall in love
She don't work for free

(Girl) Girl gone bad, yeah, ah, ah, ah, ahh
Ooh-oh

Mm-oh
Mm-oh, mm-oh, mm-oh
Oh
Mm
These streets are in ashes
I don't call them my own
Ah

(Girl) Girl gone bad
Oh (Girl), girl, girl gone bad
(Girl) Ow! Yeah...",True,586,112,/Users/maxfiep/Library/CloudStorage/GoogleDrive-pmaxfield@gmail.com/My Drive/git_personal/Pete_Sandbox_personal/last.fm/Lyrics_top_songs/cache/lyrics/van_halen/girl_gone_bad.txt,2025-12-05T17:44:34.876376,2025-12-05T17:48:28.453876
69,Daft Punk,Voyager,0,,False,0,0,,2025-12-05T17:44:34.876376,2025-12-05T17:48:28.453904
70,Josh Homme,Nobody To Love - Bonu  Track,0,,False,0,0,,2025-12-05T17:44:34.876376,2025-12-05T17:48:28.453927
71,Screaming Trees,Nearly Lost You,0,"Did you hear the distant cry
Calling me back to my sins?
Like the one you knew before
Calling me back once again

I nearly
I nearly lost you there
And it's taken us somewhere
I nearly lost you there
Let's try to sleep now

Drag me far enough to know
I'm blind every mile that you burn
There's a rider that's fallen and
It's clear there's no time to return

I nearly
I nearly lost you there
And it's taken us somewhere
I nearly lost you there
Well, let's try to sleep now

Did you hear the distant lie...",True,859,174,/Users/maxfiep/Library/CloudStorage/GoogleDrive-pmaxfield@gmail.com/My Drive/git_personal/Pete_Sandbox_personal/last.fm/Lyrics_top_songs/cache/lyrics/screaming_trees/nearly_lost_you.txt,2025-12-05T17:44:34.876376,2025-12-05T17:48:28.454490
72,The Black Angels,Science Killer,0,"Feel it
In your house
You need it
When you feel stress
Steal it
While you're out
You're kneeling
When you feel blessed

Healing
In your chest
If you can't see it
Then it don't exist

Teach it
To your tribe
Spread it
Don't make no mess

Keep it in your head
Keep it in your heart",True,278,57,/Users/maxfiep/Library/CloudStorage/GoogleDrive-pmaxfield@gmail.com/My Drive/git_personal/Pete_Sandbox_personal/last.fm/Lyrics_top_songs/cache/lyrics/the_black_angels/science_killer.txt,2025-12-05T17:44:34.876376,2025-12-05T17:48:28.455023
73,The Dead Weather,I Feel Love (Every Million Mile ),0,,False,0,0,,2025-12-05T17:44:34.876376,2025-12-05T17:48:28.455054
74,Desert Sessions,In My Head...Or Something,0,"It's the cruelest joke to wait
I'm so high I run in place
Only a line we separate
So

I keep on playing our favorite song
I turn it up while you're gone
It's all I've got when you're in my head
And you're in my head, so I need it
I keep on playing our favorite song
I turn it up while you're gone
It's all I've got when you're in my head
And you're in my head, so I need it

You're the only thing I've got
I can't seem to get enough
We collide for warm embrace
So

I keep on playing our favorite song...",True,1520,337,/Users/maxfiep/Library/CloudStorage/GoogleDrive-pmaxfield@gmail.com/My Drive/git_personal/Pete_Sandbox_personal/last.fm/Lyrics_top_songs/cache/lyrics/desert_sessions/in_my_heador_something.txt,2025-12-05T17:44:34.876376,2025-12-05T17:48:28.455845
75,Eagles of Death Metal,Carele  Whisper,0,,False,0,0,,2025-12-05T17:44:34.876376,2025-12-05T17:48:28.455885
76,Primus,Jerry Wa  a Race Car Driver,0,,False,0,0,,2025-12-05T17:44:34.876376,2025-12-05T17:48:28.455909
77,Queens of the Stone Age,Make It Wit Chu,0,"You wanna know if I know why? I can't say that I do
Don't understand the evil eye, or how one becomes two
And I just can't recall what started it all, or how to begin in the end
I ain't here to break it, just see how far it will bend
Again and again, again and again

I wanna make it, I wanna make it wit chu
(Anytime, anywhere)
I wanna make it (again and again), I wanna make it wit chu

Sometimes the same is different, but mostly it's the same
These mysteries of life that jus' ain't my thing
If I...",True,1155,240,/Users/maxfiep/Library/CloudStorage/GoogleDrive-pmaxfield@gmail.com/My Drive/git_personal/Pete_Sandbox_personal/last.fm/Lyrics_top_songs/cache/lyrics/queens_of_the_stone_age/make_it_wit_chu.txt,2025-12-05T17:44:34.876376,2025-12-05T17:48:28.456889
78,The White Stripes,Blue Orchid,0,"You got a reaction
You got a reaction, didn't you?
You took a white orchid
You took a white orchid turned it blue

Something better than nothing
Something better than nothing, it's giving up
We all need to do something
Try to keep the truth from showing up

How dare you
How old are you now, anyway?
How dare you
How old are you now, anyway?
How dare you
How old are you now, anyway?

You're given a flower
But I guess that there's just no pleasing you
Your lip tastes sour
But you think that it's ju...",True,868,171,/Users/maxfiep/Library/CloudStorage/GoogleDrive-pmaxfield@gmail.com/My Drive/git_personal/Pete_Sandbox_personal/last.fm/Lyrics_top_songs/cache/lyrics/the_white_stripes/blue_orchid.txt,2025-12-05T17:44:34.876376,2025-12-05T17:48:28.457658
79,Beastie Boys,Too Many Rapper,0,"Mic check, mic check

One (one), two (two), three (three)
Too many rappers, and there's still not enough MCs
It goes three (three), two (two), one (one)
MCA, Adrock, Mike D, that's how we get it done
Like ladies and gents, attention
Nas in the house with Beastie Boys
We can turn it out
Perpetrators, we can point 'em out
So if you got somethin' on your mind, let it out

Yo, I been in the game since before you was born
I might still be MCing even after you're gone
Strange thought, I know, but my s...",True,3884,730,/Users/maxfiep/Library/CloudStorage/GoogleDrive-pmaxfield@gmail.com/My Drive/git_personal/Pete_Sandbox_personal/last.fm/Lyrics_top_songs/cache/lyrics/beastie_boys/too_many_rapper.txt,2025-12-05T17:44:34.876376,2025-12-05T17:48:28.458285
80,UNKLE,Re tle  (Featuring Josh Homme),0,,False,0,0,,2025-12-05T17:44:34.876376,2025-12-05T17:48:28.458312
81,Jack White,Lazaretto,0,"Oh, my veins are blue and connected
And every single bone in my brain is electric
But I dig ditches like the best of 'em
Yo trabajo duro
Como en madera y yeso
Como en madera y yeso
And even God Herself has fewer plans than me
But she never helps me out with my scams for free, though
She grabs a stick and then she points it at me
When I say nothing, I say everything
Yeah, when I say nothing, I say everything
They threw me down in a lazaretto
Born rottin', bored rotten
Makin' models of people I us...",True,1084,225,/Users/maxfiep/Library/CloudStorage/GoogleDrive-pmaxfield@gmail.com/My Drive/git_personal/Pete_Sandbox_personal/last.fm/Lyrics_top_songs/cache/lyrics/jack_white/lazaretto.txt,2025-12-05T17:44:34.876376,2025-12-05T17:48:28.458852
82,Jane's Addiction,Ju t Becau e,0,,False,0,0,,2025-12-05T17:44:34.876376,2025-12-05T17:48:28.458887
83,Ozzy Osbourne,Shot in the Dark,0,"Out on the streets, I'm stalking the night
I can hear my heavy breathing
Paid for the kill, but it doesn't seem right
Something there I can't believe in

Voices are calling from inside my head
I can hear them, I can hear them
Vanishing memories of things that were said
They can't try to hurt me now

But a shot in the dark
One step away from you
Just a shot in the dark
Always creeping up on you, alright

Taught by the powers that preach over me
I can hear their empty reason
I wouldn't listen, I l...",True,1245,252,/Users/maxfiep/Library/CloudStorage/GoogleDrive-pmaxfield@gmail.com/My Drive/git_personal/Pete_Sandbox_personal/last.fm/Lyrics_top_songs/cache/lyrics/ozzy_osbourne/shot_in_the_dark.txt,2025-12-05T17:44:34.876376,2025-12-05T17:48:28.459509
84,Queens of the Stone Age,Into the Hollow,0,"Au revoir, adieu, goodnight
I'm too wrong to get right

But I can't wait forever
I've always been alone, a fool who believes he's clever

Don't you wanna go into the hollow?
I won't go alone, aren't you gonna follow?
Ah-ah-ah-ah-ah

I live behind my eyes
Be sure to keep the surprise

I break what I have borrowed
That's why I always go alone into tomorrow

Don't you wanna go into the hollow?
I won't go alone, aren't you gonna follow?

In the hollow
In the hollow
Into the hollow
Into the hollow",True,497,93,/Users/maxfiep/Library/CloudStorage/GoogleDrive-pmaxfield@gmail.com/My Drive/git_personal/Pete_Sandbox_personal/last.fm/Lyrics_top_songs/cache/lyrics/queens_of_the_stone_age/into_the_hollow.txt,2025-12-05T17:44:34.876376,2025-12-05T17:48:28.460129
85,Queens of the Stone Age,Un-Reborn Again,0,"Uh

Skinny knows jack, Skinny knows jack
Knowin' nothin' about nothin', it's a blessin' in fact
Acid-faced Jake, acid-faced Jake
He like them dancin' straight boys, makes his pupils dilate
Juzzy come quick, Juzzy come quick
Tell the doctor to come over, bring emergency kit
Evil old Scratch, evil old Scratch
He drink the water from the gutter, it's a natural fact, yeah

Youth
You could be young again
Anew
Be un-reborn again
Askew

Frozen in pose, locked up in amber eternally
Buried so close to th...",True,2252,397,/Users/maxfiep/Library/CloudStorage/GoogleDrive-pmaxfield@gmail.com/My Drive/git_personal/Pete_Sandbox_personal/last.fm/Lyrics_top_songs/cache/lyrics/queens_of_the_stone_age/un_reborn_again.txt,2025-12-05T17:44:34.876376,2025-12-05T17:48:28.460559
86,Jamiroquai,Automaton,0,"(Automaton)
Am I love?
Every heart is beating
I'm all love
Can't you feel me feeling?
Take my hand (automaton)
Cold like a junkie (automaton)
I'm an ice cold man (automaton)
(I'm an ice cold man)
(Automaton)
Why am I crying for you?

All this love I felt for you
Has gone away to another place (It's a digital life)
I put my faith in a digital world
Where they've given me
Eyes without a face
I steal the moon on silver nights
Remind myself I am someone
My soul is null and void tonight
I'm automaton...",True,1938,367,/Users/maxfiep/Library/CloudStorage/GoogleDrive-pmaxfield@gmail.com/My Drive/git_personal/Pete_Sandbox_personal/last.fm/Lyrics_top_songs/cache/lyrics/jamiroquai/automaton.txt,2025-12-05T17:44:34.876376,2025-12-05T17:48:28.461326
87,Queens of the Stone Age,The Bronze,0,"I've been waiting
Waiting under things that rise in the morning
I've been holding, holding back so long
You can own it
Take it off my hands, do me a favor
Nothing wasted
Just fingerfucked and busted up all at once


I'm so lost out on the highway
With no direction left to go
Everyday sit up and wonder
Where it was I started from

The more you've found
The less you've been around
The more you've found
The less you've been around (Ah)

The more you've found
The less you've been around
The more you...",True,664,123,/Users/maxfiep/Library/CloudStorage/GoogleDrive-pmaxfield@gmail.com/My Drive/git_personal/Pete_Sandbox_personal/last.fm/Lyrics_top_songs/cache/lyrics/queens_of_the_stone_age/the_bronze.txt,2025-12-05T17:44:34.876376,2025-12-05T17:48:28.462227
