rank,artist,track,total_words,unique_words,unique_ratio
2,Queens of the Stone Age,The Blood Is Love,145,61,0.4206896551724138
3,Death from Above 1979,Turn It Out,52,13,0.25
4,Death from Above 1979,NVR 4EVR,209,38,0.18181818181818182
5,Death from Above 1979,Going Steady,109,17,0.1559633027522936
6,Alice in Chains,Would?,140,33,0.2357142857142857
7,Death from Above 1979,Sexy Results,216,36,0.16666666666666666
8,Queens of the Stone Age,Misfit Love,360,83,0.23055555555555557
12,Them Crooked Vultures,Spinning in Daffodils,264,73,0.2765151515151515
13,Death from Above 1979,Nomad,92,33,0.358695652173913
15,Death from Above 1979,White Is Red,342,78,0.22807017543859648
16,Alice in Chains,No Excuses,153,54,0.35294117647058826
17,Jack White,Hypocritical Kiss,158,52,0.3291139240506329
18,Queens of the Stone Age,I Sat by the Ocean,195,65,0.3333333333333333
19,Jamiroquai,Cloud 9,316,66,0.2088607594936709
20,Tool,Parabola,165,37,0.22424242424242424
21,Reignwolf,Alligator,63,16,0.25396825396825395
22,The Cult,Phoenix,157,21,0.1337579617834395
23,The Heavy Eyes,Old Saltillo Road,202,54,0.26732673267326734
24,Queens of the Stone Age,In My Head,269,30,0.11152416356877323
25,INXS,Need You Tonight,239,40,0.16736401673640167
26,U2,I Still Haven't Found What I'm Looking For,202,49,0.24257425742574257
27,Desert Sessions,Crawl Home,153,24,0.1568627450980392
28,Queens of the Stone Age,Go With the Flow,166,46,0.27710843373493976
29,Mad Season,Wake Up,208,39,0.1875
31,Them Crooked Vultures,Gunman,222,95,0.42792792792792794
32,Eagles of Death Metal,Anything 'Cept The Truth,114,35,0.30701754385964913
33,Eagles of Death Metal,Complexity,268,65,0.24253731343283583
34,Queens of the Stone Age,Better Living Through Chemistry,159,44,0.27672955974842767
35,Alice in Chains,I Stay Away,86,30,0.3488372093023256
36,Led Zeppelin,When the Levee Breaks,244,53,0.21721311475409835
37,Depeche Mode,I Feel You,175,40,0.22857142857142856
39,The Cult,Big Neon Glitter,189,21,0.1111111111111111
40,The Police,Every Little Thing She Does Is Magic,389,56,0.14395886889460155
41,Them Crooked Vultures,Bandoliers,220,60,0.2727272727272727
42,Queens of the Stone Age,3's & 7's,186,60,0.3225806451612903
43,Interpol,The Rover,221,71,0.3212669683257919
44,Alice in Chains,Rotten Apple,192,29,0.15104166666666666
45,Beastie Boys,Jimmy James,247,84,0.340080971659919
46,The Cult,Black Sun,345,59,0.17101449275362318
47,U2,All I Want Is You,173,37,0.2138728323699422
48,Nine Inch Nails,Only,346,70,0.2023121387283237
49,Led Zeppelin,Trampled Under Foot,346,94,0.27167630057803466
50,Van Halen,I'll Wait,243,58,0.23868312757201646
51,Death from Above 1979,Pull Out,180,12,0.06666666666666667
52,Duran Duran,Save a Prayer,357,68,0.19047619047619047
53,Queens of the Stone Age,Long Slow Goodbye,166,27,0.16265060240963855
54,Dave Grohl,Mantra,272,82,0.3014705882352941
55,Eagles of Death Metal,Cheap Thrills,93,28,0.3010752688172043
56,Mad Season,X-Ray Mind,116,54,0.46551724137931033
58,Queens of the Stone Age,You Can't Quit Me Baby,160,31,0.19375
60,The Fixx,One Thing Leads To Another,378,80,0.21164021164021163
61,Ian Astbury,High Time Amplifier,432,31,0.07175925925925926
64,Death from Above 1979,Romantic Rights,271,52,0.1918819188191882
65,Beck,Hell Yes,266,123,0.462406015037594
66,Jack White,Sixteen Saltines,263,102,0.38783269961977185
67,Queens of the Stone Age,"Sick, Sick, Sick",267,70,0.26217228464419473
68,Van Halen,Girl Gone Bad,118,32,0.2711864406779661
71,Screaming Trees,Nearly Lost You,174,35,0.20114942528735633
72,The Black Angels,Science Killer,57,22,0.38596491228070173
73,The Dead Weather,I Feel Love (Every Million Miles),217,29,0.1336405529953917
74,Desert Sessions,In My Head...Or Something,337,27,0.08011869436201781
75,Eagles of Death Metal,Careless Whisper,289,73,0.25259515570934254
76,Primus,Jerry Was a Race Car Driver,148,59,0.39864864864864863
77,Queens of the Stone Age,Make It Wit Chu,241,44,0.1825726141078838
78,The White Stripes,Blue Orchid,171,33,0.19298245614035087
79,Beastie Boys,Too Many Rappers,732,264,0.36065573770491804
80,UNKLE,Restless (Featuring Josh Homme),294,57,0.19387755102040816
81,Jack White,Lazaretto,225,86,0.38222222222222224
82,Jane's Addiction,Just Because,133,21,0.15789473684210525
83,Ozzy Osbourne,Shot in the Dark,252,56,0.2222222222222222
84,Queens of the Stone Age,Into the Hollow,97,35,0.36082474226804123
85,Queens of the Stone Age,Un-Reborn Again,437,114,0.2608695652173913
86,Jamiroquai,Automaton,369,109,0.2953929539295393
87,Queens of the Stone Age,The Bronze,126,28,0.2222222222222222
88,Snow Patrol,Shut Your Eyes,184,39,0.21195652173913043
89,The Black Keys,Do the Rump,68,8,0.11764705882352941
90,De La Soul,Breakadawn,839,299,0.3563766388557807
91,deadmau5,Drama Free,391,63,0.16112531969309463
92,Desert Sessions,I Wanna Make It Wit Chu,217,43,0.19815668202764977
94,Radiohead,Optimistic,219,46,0.2100456621004566
96,The Black Keys,Leavin' Trunk,70,29,0.4142857142857143
97,The Cult,Saints Are Down,223,48,0.21524663677130046
98,Alice in Chains,What The Hell Have I,131,35,0.26717557251908397
100,Duran Duran,New Moon On Monday,338,61,0.1804733727810651
102,Radiohead,"There, There",153,35,0.22875816993464052
103,The Black Keys,Good Love (feat. Billy F Gibbons),84,24,0.2857142857142857
105,The Black Keys,Sinister Kid,218,47,0.21559633027522937
106,Alice in Chains,Dam That River,151,39,0.2582781456953642
108,Death from Above 1979,"Go Home, Get Down",151,29,0.19205298013245034
110,The Dead Weather,I Cut Like a Buffalo,268,49,0.1828358208955224
111,Death from Above 1979,Do It!,208,37,0.1778846153846154
112,Radiohead,15 Step,162,35,0.21604938271604937
113,The Cult,Brother Wolf; Sister Moon,179,22,0.12290502793296089
114,The Cult,If,271,57,0.21033210332103322
115,Alice in Chains,Put You Down,189,35,0.18518518518518517
116,Queen,Another One Bites the Dust,335,64,0.191044776119403
117,Silversun Pickups,Lazy Eye,146,48,0.3287671232876712
118,The Cult,The Witch,329,40,0.12158054711246201
119,Van Halen,House Of Pain,117,30,0.2564102564102564
121,Johnny Cash,One,253,61,0.24110671936758893
122,Nine Inch Nails,Head Down,135,28,0.2074074074074074
123,The Black Angels,You on the Run,125,42,0.336
124,The Black Keys,She's Long Gone,107,33,0.308411214953271
125,The Jon Spencer Blues Explosion,Lovin' Machine,183,58,0.31693989071038253
126,The Mars Volta,L'Via L'Viaquez,469,117,0.24946695095948826
128,Band of Horses,The Funeral,174,34,0.19540229885057472
129,Beastie Boys,Nonstop Disco Powerpack,741,266,0.358974358974359
130,Billy Idol,Eyes Without a Face,309,93,0.30097087378640774
131,Khruangbin,Texas Sun,225,54,0.24
132,Soundgarden,Room a Thousand Years Wide,108,31,0.28703703703703703
133,The Black Keys,The Desperate Man,150,46,0.30666666666666664
134,The Police,Synchronicity I,152,54,0.35526315789473684
135,The White Stripes,Catch Hell Blues,125,48,0.384
136,Wolfmother,Dimension,176,53,0.30113636363636365
137,Amy Winehouse,In My Bed,280,78,0.2785714285714286
138,Death from Above 1979,"You're a Woman, I'm a Machine",156,22,0.14102564102564102
141,Radiohead,House of Cards,115,28,0.24347826086956523
142,The Dead Weather,Hustle and Cuss,251,34,0.13545816733067728
143,Amy Winehouse,Back to Black,217,46,0.2119815668202765
144,Beastie Boys,Don't Play No Game That I Can't Win,441,117,0.2653061224489796
145,Death from Above 1979,Crystal Ball,198,46,0.23232323232323232
146,Def Leppard,Photograph,263,54,0.20532319391634982
148,Jack White,Love Is Blindness,180,55,0.3055555555555556
150,Soundgarden,Fell on Black Days,251,50,0.199203187250996
151,Tool,Forty Six & 2,296,81,0.27364864864864863
152,Alice in Chains,Dirt,221,39,0.17647058823529413
153,Alice in Chains,Them Bones,115,32,0.2782608695652174
154,Band of Horses,No One's Gonna Love You,239,42,0.17573221757322174
156,Ozzy Osbourne,Crazy Train,196,76,0.3877551020408163
157,Radiohead,Backdrifts,148,39,0.2635135135135135
158,Steely Dan,Josie,199,60,0.3015075376884422
159,Stone Temple Pilots,Sex Type Thing,347,31,0.0893371757925072
160,The Black Keys,Ten Cent Pistol,177,44,0.24858757062146894
162,The Smiths,How Soon Is Now?,203,42,0.20689655172413793
163,Young M.C.,Bust a Move,679,208,0.30633284241531666
164,Aerosmith,Round and Round,239,45,0.18828451882845187
165,Bebel Gilberto,Simplesmente,224,75,0.33482142857142855
167,Living Colour,Cult of Personality,262,63,0.24045801526717558
168,Radiohead,I Might Be Wrong,111,22,0.1981981981981982
169,Stone Temple Pilots,Dumb Love,217,47,0.21658986175115208
170,The Cult,Wild Flower,177,40,0.22598870056497175
172,Alice in Chains,Nutshell,82,27,0.32926829268292684
175,Creedence Clearwater Revival,Born on the Bayou,199,42,0.21105527638190955
176,Death from Above 1979,Blood on Our Hands,238,34,0.14285714285714285
177,Depeche Mode,Walking in My Shoes,278,59,0.21223021582733814
178,Evil Nine,Devil Stuff,44,18,0.4090909090909091
179,G. Love & Special Sauce,Shy Girl,115,33,0.28695652173913044
180,Heart,Barracuda,189,66,0.3492063492063492
181,Madlib,Mystic Bounce,34,19,0.5588235294117647
182,Ozzy Osbourne,Bark at the Moon,171,55,0.3216374269005848
183,Queens of the Stone Age,Do It Again,315,76,0.24126984126984127
184,Steve Miller Band,Abracadabra,307,60,0.19543973941368079
185,The Cult,In the Clouds,172,38,0.22093023255813954
186,The Cult,Soul Asylum,227,36,0.15859030837004406
188,Coldplay,Clocks,167,46,0.2754491017964072
189,Duran Duran,Rio,323,79,0.24458204334365324
190,Johnny Cash,Ring of Fire,195,20,0.10256410256410256
191,Kylie Auldist,Cut You Loose,291,42,0.14432989690721648
192,Led Zeppelin,Babe I'm Gonna Leave You,280,45,0.16071428571428573
193,No Doubt,It's My Life,163,31,0.1901840490797546
194,Queens of the Stone Age,Villains of Circumstance,243,69,0.2839506172839506
195,Soundgarden,Jesus Christ Pose,197,35,0.17766497461928935
196,The Champs,Tequila,2,1,0.5
197,Them Crooked Vultures,Caligulove,189,54,0.2857142857142857
199,Black Lips,Veni Vidi Vici,74,28,0.3783783783783784
200,Built to Spill,Goin' Against Your Mind,255,42,0.16470588235294117
201,INXS,The Gift,238,41,0.1722689075630252
202,Joseph,Canyon,247,50,0.20242914979757085
203,Lenny Kravitz,Always on the Run,214,42,0.19626168224299065
204,M.I.A.,Bad Girls,458,80,0.17467248908296942
205,Mad Season,X-Ray Mind - Live at The Moore,116,54,0.46551724137931033
206,MSTRKRFT,It Aint Love,215,36,0.16744186046511628
207,Queens of the Stone Age,Little Sister,139,38,0.2733812949640288
208,The Black Angels,Black Isn't Black,145,28,0.19310344827586207
209,The Bright Light Social Hour,Sea Of The Edge,50,20,0.4
210,Van Halen,Atomic Punk,124,28,0.22580645161290322
211,Eagles of Death Metal,I'm Your Torpedo,128,38,0.296875
212,Soundgarden,Holy Water,170,47,0.27647058823529413
213,Temple of the Dog,Pushin' Forward Back,224,34,0.15178571428571427
214,The Black Angels,The Prodigal Sun,109,37,0.3394495412844037
215,The Black Keys,Have Mercy On Me,21,3,0.14285714285714285
216,The Stooges,Down On The Street,124,20,0.16129032258064516
217,U2,One,269,59,0.21933085501858737
219,Zero 7,In the Waiting Line,271,43,0.15867158671586715
220,Alice in Chains,A Little Bitter,185,80,0.43243243243243246
221,blink-182,Adam's Song,272,77,0.28308823529411764
222,Coldplay,Adventure of a Lifetime,290,45,0.15517241379310345
223,Death from Above 1979,Government Trash,157,51,0.3248407643312102
224,Eagles of Death Metal,Long Slow Goodbye,166,26,0.1566265060240964
225,Gary Clark Jr.,When My Train Pulls In - Live,208,61,0.2932692307692308
226,Journey,Separate Ways,232,60,0.25862068965517243
227,Nine Inch Nails,The Hand That Feeds,295,49,0.16610169491525423
228,Nirvana,The Man Who Sold the World,228,59,0.25877192982456143
229,No Doubt,Don't Speak,304,50,0.16447368421052633
232,Soundgarden,Fresh Tendrils,189,24,0.12698412698412698
233,The Black Keys,Lo/Hi,180,35,0.19444444444444445
234,The Cult,She Sells Sanctuary,263,19,0.07224334600760456
235,UNKLE,Chemical Feat Josh Homme,79,19,0.24050632911392406
237,Van Halen,On Fire,131,33,0.25190839694656486
238,Aerosmith,Train Kept a Rollin',333,42,0.12612612612612611
239,Black Rebel Motorcycle Club,Shuffle Your Feet,160,33,0.20625
240,Death from Above 1979,Free Animal,126,29,0.23015873015873015
241,Deee-Lite,Groove Is in the Heart,385,118,0.3064935064935065
243,Holy Barbarians,Brother Fights,115,46,0.4
244,Jack White,I'm Shakin',313,86,0.2747603833865815
245,Led Zeppelin,Kashmir,325,96,0.2953846153846154
247,No Doubt,Hey Baby,510,93,0.18235294117647058
249,Radiohead,Knives Out,108,33,0.3055555555555556
250,The Cult,Edie (Ciao Baby),174,51,0.29310344827586204
251,The Dead Weather,I Can't Hear You,187,32,0.1711229946524064
253,The Police,Roxanne,285,40,0.14035087719298245
254,Tom Morello,Where It’s At Ain’t What It Is (feat. Gary Clark Jr. and Nico Stadi),426,5,0.011737089201877934
255,UNKLE,Burn My Shadow (Featuring Ian Astbury),172,29,0.1686046511627907
256,UNKLE,Ghosts,307,36,0.11726384364820847
257,Zero 7,Destiny,238,55,0.23109243697478993
258,Beastie Boys,Body Movin',454,138,0.3039647577092511
259,Built to Spill,Mess With Time,69,27,0.391304347826087
260,Death Cult,A Flower in the Desert,197,51,0.25888324873096447
261,Josh Homme,All the Same,207,33,0.15942028985507245
262,Madonna,Sorry,515,59,0.1145631067961165
263,Primus,John the Fisherman,221,75,0.3393665158371041
265,Soundgarden,Like Suicide,215,47,0.2186046511627907
266,The Cult,American Horse,207,51,0.2463768115942029
267,Torre Florim,Firestarter,56,26,0.4642857142857143
268,Alice in Chains,Down in a Hole,271,54,0.1992619926199262
269,Beastie Boys,Sure Shot,623,187,0.3001605136436597
270,Beck,Qué Onda Guero,326,135,0.41411042944785276
271,Black Rebel Motorcycle Club,Spread Your Love,232,18,0.07758620689655173
272,Deftones,No Ordinary Love,285,25,0.08771929824561403
274,M.I.A.,10 Dollar,601,64,0.1064891846921797
275,M.I.A.,Lovalot,475,105,0.22105263157894736
276,Pink Floyd,Learning to Fly,284,135,0.4753521126760563
277,Queens of the Stone Age,Fortress,267,56,0.20973782771535582
278,Queens of the Stone Age,In the Fade,198,47,0.23737373737373738
279,Radiohead,Everything in Its Right Place,119,13,0.1092436974789916
280,Rival Sons,Feral Roots,192,55,0.2864583333333333
281,Soundgarden,New Damage,180,16,0.08888888888888889
282,U2,Please,266,97,0.36466165413533835
283,Van Halen,Drop Dead Legs,135,47,0.34814814814814815
284,Wolfmother,White Unicorn,210,50,0.23809523809523808
285,Alice in Chains,Don't Follow,153,57,0.37254901960784315
286,"Beck, Bogert & Appice",Superstition,98,41,0.41836734693877553
287,Interpol,Untitled,30,6,0.2
288,Journey,Stone in Love,163,50,0.3067484662576687
289,Led Zeppelin,Ten Years Gone,235,77,0.3276595744680851
290,Public Enemy,Fight the Power,654,149,0.22782874617737003
291,Queens of the Stone Age,Hideaway,206,79,0.38349514563106796
292,Rage Against the Machine,Down on the Street,162,21,0.12962962962962962
293,Rival Sons,Pressure and Time,164,51,0.31097560975609756
294,Sonic Youth,Rats,241,85,0.35269709543568467
295,The Romantics,Talking in Your Sleep,341,41,0.12023460410557185
296,The Sundays,Wild Horses,134,43,0.3208955223880597
300,De La Soul,Me Myself and I,624,101,0.16185897435897437
301,Death from Above 1979,Losing Friends,253,34,0.13438735177865613
302,Frankie Goes to Hollywood,Relax,295,43,0.14576271186440679
303,INXS,The One Thing,127,41,0.3228346456692913
304,Kool Keith,Poppa Large,622,256,0.4115755627009646
305,Loretta Lynn,Portland Oregon,191,50,0.2617801047120419
306,Mountain,Mississippi Queen,158,36,0.22784810126582278
309,Patrick Sweany,Them Shoes,191,54,0.28272251308900526
310,Queens of the Stone Age,First It Giveth,158,35,0.22151898734177214
312,Queens of the Stone Age,The Evil Has Landed,239,72,0.301255230125523
313,Radiohead,Airbag,93,26,0.27956989247311825
315,Soundgarden,Loud Love,114,36,0.3157894736842105
316,Stone Temple Pilots,Interstate Love Song,110,32,0.2909090909090909
317,The Black Angels,The Sniper at the Gates of Heaven,116,38,0.3275862068965517
318,The Black Keys,Crawling Kingsnake,174,31,0.1781609195402299
319,The Cult,Coming Down (Drug Tongue),312,63,0.20192307692307693
320,The Cult,Painted On My Heart,324,54,0.16666666666666666
321,The Dead Weather,Blue Blood Blues,265,59,0.22264150943396227
322,The Police,Synchronicity II,254,103,0.40551181102362205
323,The Power Station,Get It On (Bang A Gong),310,37,0.11935483870967742
324,The Rolling Stones,Undercover (of the night),290,81,0.2793103448275862
326,Beck,Dreams,370,53,0.14324324324324325
329,Death from Above 1979,Little Girl,155,15,0.0967741935483871
330,Janet Jackson,Got 'Til It's Gone,571,81,0.14185639229422067
331,Johnny Cash,Personal Jesus,152,36,0.23684210526315788
332,Madonna,Jump,341,48,0.14076246334310852
333,Rival Sons,Belle Starr,117,40,0.3418803418803419
335,The Black Angels,Young Men Dead,196,69,0.3520408163265306
336,The Power Station,Some Like It Hot,304,32,0.10526315789473684
339,A Flock of Seagulls,I Ran (So Far Away),184,43,0.23369565217391305
340,A Perfect Circle,The Hollow,99,41,0.41414141414141414
341,Bob Marley & The Wailers,Could You Be Loved,325,52,0.16
342,Depeche Mode,Precious,157,46,0.2929936305732484
343,Desmond Dekker,007 (Shanty Town),165,28,0.1696969696969697
345,Gary Clark Jr.,Numb,61,22,0.36065573770491804
346,Jimi Hendrix,Voodoo Child (Slight Return),180,41,0.22777777777777777
347,Joseph,Nervous System,334,68,0.20359281437125748
349,Mad Season,River of Deceit,148,32,0.21621621621621623
351,Skee-Lo,I Wish,939,190,0.20234291799787008
352,Spinnerette,Ghetto Love,258,62,0.24031007751937986
353,The Cult,Fire Woman,262,56,0.21374045801526717
354,The Cult,Sun King,321,78,0.24299065420560748
355,The Rolling Stones,Gimme Shelter,227,40,0.1762114537444934
356,U2,Acrobat,294,81,0.2755102040816326
357,UNKLE,Keys To The Kingdom (Featuring Gavin Clark),193,42,0.21761658031088082
358,Urban Dance Squad,Deeper Shade Of Soul,322,102,0.3167701863354037
359,Aerosmith,Back in the Saddle,205,67,0.32682926829268294
361,C.W. Stoneking,Mama Got The Blues,139,37,0.26618705035971224
362,Coldplay,God Put a Smile Upon Your Face,255,32,0.12549019607843137
363,Death from Above 1979,Modern Guy,117,41,0.3504273504273504
364,Depeche Mode,Personal Jesus,180,35,0.19444444444444445
365,Eagles of Death Metal,Save a Prayer,282,68,0.24113475177304963
367,Jamiroquai,Canned Heat,654,111,0.16972477064220184
368,Khruangbin,Mr. White,58,2,0.034482758620689655
369,LCD Soundsystem,Time to Get Away,300,52,0.17333333333333334
370,Mr. Oizo,Flat Beat,14,6,0.42857142857142855
371,No Doubt,Too Late,261,76,0.29118773946360155
372,Pat Benatar,Shadows of the Night,311,58,0.1864951768488746
375,Rival Sons,Open My Eyes,193,43,0.22279792746113988
378,Soundgarden,Hands All Over,222,59,0.26576576576576577
379,Soundgarden,Let Me Drown,293,61,0.20819112627986347
380,The Avalanches,Close to You,320,19,0.059375
381,The Cult,Naturally High,169,46,0.27218934911242604
382,The Tubes,She's a Beauty,272,44,0.16176470588235295
384,U2,Where the Streets Have No Name,234,49,0.2094017094017094
386,Air,La femme d'argent,176,55,0.3125
387,Alice in Chains,I Know Somethin (Bout You),334,43,0.12874251497005987
388,Eagles of Death Metal,Family Affair,473,97,0.20507399577167018
390,Interpol,NARC,257,67,0.2607003891050584
391,Jack White,Pablo Picasso,203,47,0.2315270935960591
392,Jane's Addiction,True Nature,156,54,0.34615384615384615
394,Lenny Kravitz,Ride,465,42,0.09032258064516129
395,Level 42,Something About You - Single Version,191,66,0.34554973821989526
396,Mad Season,Long Gone Day,268,72,0.26865671641791045
397,Madonna,La Isla Bonita,392,71,0.18112244897959184
398,MSTRKRFT,So Deep,239,63,0.26359832635983266
399,Queens of the Stone Age,I Never Came,179,64,0.3575418994413408
401,S.P.Y,Love & Hate,188,60,0.3191489361702128
402,Soundgarden,Rusty Cage,214,57,0.26635514018691586
403,Stone Temple Pilots,Sin,177,41,0.23163841807909605
404,The Brian Jonestown Massacre,Straight Up and Down,164,38,0.23170731707317074
405,The Cult,Indian,144,19,0.13194444444444445
406,The Dead Weather,60 Feet Tall,170,49,0.28823529411764703
408,Them Crooked Vultures,Reptiles,277,115,0.4151624548736462
410,U2,Red Hill Mining Town,268,81,0.30223880597014924
411,Alice in Chains,God Smack,172,56,0.32558139534883723
412,Armik,Rubia,176,98,0.5568181818181818
413,Beastie Boys,Make Some Noise,468,149,0.31837606837606836
414,Beck,Tropicalia,190,72,0.37894736842105264
415,Björk,Army of Me,139,24,0.17266187050359713
418,Eagles of Death Metal,Abracadabra,249,59,0.23694779116465864
420,Gary Clark Jr.,Come Together,135,46,0.34074074074074073
421,Gorillaz,19-2000,238,51,0.21428571428571427
422,Holy Barbarians,She,118,14,0.11864406779661017
423,How to Destroy Angels,A Drowning,158,38,0.24050632911392406
424,INXS,Suicide Blonde,234,58,0.24786324786324787
425,Jamiroquai,Feels Just Like It Should,333,62,0.18618618618618618
427,Led Zeppelin,Going to California,218,94,0.43119266055045874
428,Mötley Crüe,Home Sweet Home,185,54,0.2918918918918919
429,MSTRKRFT,Heartbreaker,216,47,0.2175925925925926
430,No Doubt,Hella Good,253,44,0.17391304347826086
431,No Doubt,Simple Kind of Life,266,61,0.22932330827067668
432,Spectrasoul,Say What,304,38,0.125
433,Steely Dan,Do It Again,221,64,0.2895927601809955
434,Stone Temple Pilots,Down,174,18,0.10344827586206896
436,The Black Keys,Everlasting Light,151,31,0.2052980132450331
437,The Black Keys,Louise,96,21,0.21875
438,The Bright Light Social Hour,Ghost Dance,75,47,0.6266666666666667
439,The Bright Light Social Hour,Slipstream,51,26,0.5098039215686274
441,The Mars Volta,Cicatriz ESP,293,53,0.18088737201365188
442,The Police,Every Breath You Take,361,50,0.13850415512465375
443,The Presidents of the United States of America,Peaches,232,42,0.1810344827586207
444,The Prodigy,Spitfire,172,9,0.05232558139534884
445,Unkle featuring Josh Homme,Chemical Feat Josh Homme,79,19,0.24050632911392406
446,Van Halen,Hot for Teacher,252,62,0.24603174603174602
447,Arcade Fire,Haiti,115,65,0.5652173913043478
448,Beastie Boys,Shake Your Rump,444,182,0.4099099099099099
449,Blondie,Atomic,60,8,0.13333333333333333
450,Cake,The Distance,370,97,0.26216216216216215
451,Cypress Hill,Cock the Hammer,397,157,0.3954659949622166
452,De La Soul,"A Roller Skating Jam Named ""Saturdays""",550,202,0.36727272727272725
453,deadmau5,Charlie can't dance,18,2,0.1111111111111111
454,Deftones,Be Quiet and Drive (Far Away),161,16,0.09937888198757763
455,Depeche Mode,It's No Good,248,50,0.20161290322580644
459,Hall & Oates,Kiss on My List,396,59,0.14898989898989898
461,How to Destroy Angels,The Space in Between,91,42,0.46153846153846156
462,James Brown,Soulful Christmas,271,81,0.2988929889298893
463,Khruangbin,People Everywhere (Still Alive),25,1,0.04
465,M.I.A.,The Message,118,10,0.0847457627118644
466,Mad Season,Lifeless Dead,109,32,0.29357798165137616
467,Mark Lanegan,Beehive,187,64,0.3422459893048128
468,PJ Harvey,Long Snake Moan,119,38,0.31932773109243695
469,Primus,My Name Is Mud,209,82,0.3923444976076555
470,Queens of the Stone Age,Long Slow Goodbye (live),160,26,0.1625
471,Red Hot Chili Peppers,Give It Away,694,108,0.15561959654178675
472,Red Hot Chili Peppers,Taste the Pain,298,63,0.21140939597315436
473,Rival Sons,Look Away,162,35,0.21604938271604937
474,The Black Keys,"Sad Days, Lonely Nights",88,23,0.26136363636363635
475,The Brian Jonestown Massacre,Anemone,200,29,0.145
477,The Presidents of the United States of America,Kitty,427,44,0.10304449648711944
478,The Prodigy,Smack My Bitch Up,76,4,0.05263157894736842
479,The White Stripes,Ball and Biscuit,297,56,0.18855218855218855
483,Van Halen,Outta Love Again,185,37,0.2
484,Van Halen,Why Can't This Be Love,205,40,0.1951219512195122
485,Weezer,Island in the Sun,197,38,0.19289340101522842
486,A Tribe Called Quest,Excursions,776,241,0.31056701030927836
487,Bebel Gilberto,Cada Beijo,227,68,0.29955947136563876
488,Beck,Black Tambourine,172,48,0.27906976744186046
489,Beck,Lost Cause,157,42,0.267515923566879
490,Beck,Sunday Sun,88,28,0.3181818181818182
491,Daryl Hall & John Oates,I Can't Go For That (No Can Do),620,27,0.043548387096774194
493,Death from Above 1979,Trainwreck 1979,263,77,0.29277566539923955
494,Desert Sessions,Nenada,31,16,0.5161290322580645
496,Fela Kuti,Question Jam Answer,282,24,0.0851063829787234
497,Gold Chains,I Come From San Francisco,301,144,0.47840531561461797
499,Janet Jackson,That's the Way Love Goes,512,52,0.1015625
500,Jimi Hendrix,Hey Joe,276,45,0.16304347826086957
501,Joe Jackson,Steppin' Out,185,51,0.2756756756756757
504,M.I.A.,"Fire, Fire",427,81,0.18969555035128804
506,Masters of Reality,Rabbit One,108,15,0.1388888888888889
507,MSTRKRFT,It Ain't Love (Feat. Lil' Mo),215,36,0.16744186046511628
508,Nas,Get Down,739,286,0.3870094722598105
510,Oliver,Big City,308,88,0.2857142857142857
512,Olivier Libaux,The Blood Is Love (feat. Ambrosia Parsely),151,61,0.40397350993377484
514,Queens of the Stone Age,Carnavoyeur,186,58,0.3118279569892473
515,Rival Sons,Electric Man,200,22,0.11
516,Screaming Trees,Shadow of the Season,187,46,0.24598930481283424
517,Snow Patrol,The Last Shot Ringing in My Ears,197,48,0.2436548223350254
518,Spoon,I Turn My Camera On,262,37,0.14122137404580154
520,The Black Keys,Brooklyn Bound,64,23,0.359375
521,The Black Keys,Coal Black Mattie,84,28,0.3333333333333333
522,The Cult,Sweet Soul Sister,204,58,0.28431372549019607
523,The Cult,Universal You,322,40,0.12422360248447205
525,The Kills,Future Starts Slow,255,48,0.18823529411764706
526,The Knocks,Classic (feat. Powers) - The Knocks Sunrise Edit,353,41,0.11614730878186968
527,The Police,Wrapped Around Your Finger,160,48,0.3
528,The Prodigy,Diesel Power,427,195,0.4566744730679157
530,Van Halen,Panama,184,65,0.3532608695652174
531,Wolfmother,Sundial,167,33,0.19760479041916168
532,Aerosmith,Sight for Sore Eyes,252,62,0.24603174603174602
533,Alice in Chains,"Love, Hate, Love",139,44,0.31654676258992803
534,Alice in Chains,We Die Young,98,32,0.32653061224489793
535,Band of Horses,Is There a Ghost,131,5,0.03816793893129771
536,Beastie Boys,Here's a Little Something for Ya,471,133,0.2823779193205945
537,Beck,Earthquake Weather,150,41,0.2733333333333333
538,Black Sabbath,Paranoid,136,53,0.3897058823529412
539,Blondie,The Tide Is High,222,24,0.10810810810810811
542,Cake,I Will Survive,372,93,0.25
543,Creedence Clearwater Revival,Run Through the Jungle,123,40,0.3252032520325203
545,Death from Above 1979,Black History Month,132,26,0.19696969696969696
546,Death from Above 1979,"Right On, Frankenstein!",273,65,0.23809523809523808
547,Def Leppard,Foolin',247,48,0.19433198380566802
548,Depeche Mode,Enjoy the Silence,141,30,0.2127659574468085
549,Depeche Mode,John the Revelator,215,47,0.2186046511627907
550,Eagles of Death Metal,Now I'm A Fool,202,47,0.23267326732673269
553,J Roddy Walston and The Business,Sweat Shock,82,35,0.4268292682926829
554,Jack Johnson,My Mind Is For Sale,312,89,0.28525641025641024
555,Jimi Hendrix,Little Wing,73,32,0.4383561643835616
558,Johnny Cash,Hurt,161,55,0.3416149068322981
559,Kaori,Good Life,701,170,0.24251069900142652
561,Lenny Kravitz,Believe,194,42,0.21649484536082475
562,LL Cool J,Mama Said Knock You Out,685,177,0.2583941605839416
563,Mos Def,I Against I,467,108,0.23126338329764454
565,Nine Inch Nails,Discipline,305,34,0.11147540983606558
567,No Doubt,Just a Girl,265,73,0.27547169811320754
569,Red Hot Chili Peppers,Higher Ground,245,57,0.23265306122448978
571,Spinnerette,Rebellious Palpitations,201,42,0.208955223880597
572,The Bangles,Hazy Shade of Winter,194,61,0.31443298969072164
573,The Black Angels,Snake in the Grass,154,53,0.34415584415584416
574,The Black Keys,Breaks,135,39,0.28888888888888886
575,The Black Keys,Poor Boy a Long Way from Home,86,10,0.11627906976744186
576,The Cult,Be Free,186,29,0.15591397849462366
577,The Cult,Ceremony,280,49,0.175
578,The Cult,Hollow Man,181,21,0.11602209944751381
579,The Cult,Real Grrrl,225,56,0.24888888888888888
581,U2,One Tree Hill,234,72,0.3076923076923077
582,U2,PLEASE - Live from Rotterdam,273,97,0.3553113553113553
583,Van Halen,Top Jimmy,202,69,0.3415841584158416
584,Wolfmother,Love Train,176,16,0.09090909090909091
586,Aerosmith,Come Together,171,59,0.34502923976608185
587,Amy Winehouse,Wake Up Alone,238,76,0.31932773109243695
588,Bakar,Hell N Back,437,98,0.2242562929061785
589,Beastie Boys,Looking Down the Barrel of a Gun,314,138,0.4394904458598726
590,Beastie Boys,Multilateral Nuclear Disarmament,149,19,0.12751677852348994
591,Black Rebel Motorcycle Club,Fault Line,135,37,0.2740740740740741
592,Black Rebel Motorcycle Club,Sympathetic Noose,215,29,0.13488372093023257
596,Diana Ross,Upside Down,331,41,0.12386706948640483
599,Duran Duran,Hold Back the Rain,293,43,0.14675767918088736
600,Duran Duran,Hungry Like the Wolf,356,61,0.17134831460674158
603,Esthero,Country Livin' (The World I Know),265,43,0.16226415094339622
604,G. Love & Special Sauce,You Shall See,312,64,0.20512820512820512
606,Harry Belafonte,Jump in the Line,480,61,0.12708333333333333
607,Jack Johnson,Upside Down,220,63,0.2863636363636364
608,Janet Jackson,If,531,89,0.16760828625235405
609,Jimi Hendrix,The Wind Cries Mary,131,52,0.3969465648854962
611,Keep Shelly In Athens,Dark Light,197,64,0.3248730964467005
612,Kyuss,One Inch Man,127,20,0.15748031496062992
618,No Doubt,One More Summer,170,33,0.19411764705882353
619,Pat Benatar,We Belong,315,71,0.2253968253968254
620,Queens of the Stone Age,Goodbye Yellow Brick Road,215,69,0.3209302325581395
622,Queens of the Stone Age,The Lost Art of Keeping a Secret,200,59,0.295
624,Radio Citizen,The Hop (feat. Bajka),222,14,0.06306306306306306
626,Rival Sons,Gypsy Heart,210,70,0.3333333333333333
627,Slum Village,Jealousy,681,186,0.27312775330396477
628,Stevie Wonder,I Wish,271,84,0.30996309963099633
629,Stone Temple Pilots,And So I Know,128,25,0.1953125
631,Tame Impala,Mind Mischief,222,69,0.3108108108108108
632,The Black Keys,Going Down South,96,19,0.19791666666666666
633,The Cult,Automatic Blues,227,37,0.16299559471365638
634,The Cult,Black Angel,276,44,0.15942028985507245
635,The Cult,Spiritwalker,145,21,0.14482758620689656
636,The Cure,Never Enough,320,22,0.06875
637,The Doors,Break on Through (to the Other Side),187,38,0.20320855614973263
638,The Heavy Eyes,Levantado,63,25,0.3968253968253968
639,The Heavy Eyes,One Hand On the Buffalo,82,28,0.34146341463414637
641,The Rolling Stones,Scarlet,150,33,0.22
643,U2,With or Without You,205,36,0.17560975609756097
644,Van Halen,Ain't Talkin' 'Bout Love,263,44,0.16730038022813687
645,Beastie Boys,Hey Ladies,630,217,0.34444444444444444
646,Beastie Boys,So What'cha Want,797,196,0.24592220828105396
647,Big Wild,Maker,237,22,0.09282700421940929
648,David Bowie,Fame,186,45,0.24193548387096775
650,Death Cab for Cutie,Good Help (Is So Hard to Find),276,75,0.2717391304347826
651,Death from Above 1979,Dead Womb,191,31,0.16230366492146597
652,Def Leppard,Rock of Ages,317,79,0.24921135646687698
653,Deftones,7 Words,406,123,0.30295566502463056
654,Deftones,Change (In the House of Flies),178,24,0.1348314606741573
655,DJ Jazzy Jeff & The Fresh Prince,Summertime,527,197,0.3738140417457306
656,Duran Duran,The Reflex,360,67,0.18611111111111112
658,Fiona Apple,The First Taste,173,58,0.3352601156069364
659,Fu Manchu,Evil Eye,112,35,0.3125
660,Gorillaz,DARE,315,21,0.06666666666666667
661,How to Destroy Angels,BBB,198,21,0.10606060606060606
662,James Gang,Funk #49,69,25,0.36231884057971014
663,John Craigie,Helena,264,75,0.2840909090909091
667,Keane,Your Eyes Open,187,25,0.13368983957219252
668,Lack of Afro,Take It up a Notch,533,136,0.2551594746716698
669,Live,"White, Discussion",241,55,0.22821576763485477
670,Lykke Li,Get Some,275,37,0.13454545454545455
671,M.I.A.,Galang,481,56,0.11642411642411643
672,Martina Topley-Bird,Too Tough to Die,205,81,0.3951219512195122
673,Megadeth,Angry Again,254,92,0.36220472440944884
674,Melt Yourself Down,Fix My Life,10,5,0.5
677,Nickodemus,Mi Swing es Tropical,394,86,0.2182741116751269
678,No Doubt,Underneath It All,346,82,0.23699421965317918
682,Pendulum,Hold Your Colour,568,30,0.0528169014084507
683,Peter Bjorn and John,Second Chance,286,33,0.11538461538461539
684,Q-Tip,Life Is Better,591,144,0.2436548223350254
685,Q-Tip,Move,432,117,0.2708333333333333
686,Queens of the Stone Age,Hangin' Tree,124,15,0.12096774193548387
687,Queens of the Stone Age,If Only,122,22,0.18032786885245902
688,Rival Sons,Keep On Swinging,212,33,0.15566037735849056
689,Rival Sons,Sugar on the Bone,192,48,0.25
691,The Animals,The House of the Rising Sun,154,44,0.2857142857142857
692,The Black Angels,Empire,143,44,0.3076923076923077
694,The Cult,The River,187,55,0.29411764705882354
695,The Heavy Eyes,God Damn Wolf Man,141,34,0.24113475177304963
697,The Isley Brothers,It's Your Thing,273,43,0.1575091575091575
698,The Jon Spencer Blues Explosion,Calvin,64,17,0.265625
699,The Specials,Message to you Rudy,127,17,0.13385826771653545
700,Tom Waits,Hoist That Rag,143,58,0.40559440559440557
701,U2,In God's Country,143,60,0.4195804195804196
702,Yelle,Je Veux Te Voir,421,178,0.42280285035629456
704,A Tribe Called Quest,Award Tour,745,215,0.28859060402684567
706,Aerosmith,Nobody's Fault,285,94,0.3298245614035088
707,Alice in Chains,Again,221,33,0.1493212669683258
708,Alice in Chains,Brother,217,47,0.21658986175115208
709,Alice in Chains,Sunshine,159,50,0.31446540880503143
710,Amy Winehouse,Love Is a Losing Game,119,39,0.3277310924369748
712,Amy Winehouse,You Know I'm No Good,255,83,0.3254901960784314
713,Beastie Boys,Crazy Ass Shit,333,113,0.33933933933933935
714,Beastie Boys,Finger Lickin' Good,713,215,0.3015427769985975
715,Beastie Boys,Say It,374,118,0.3155080213903743
716,Beastie Boys,The Lisa Lisa / Full Force Routine,75,37,0.49333333333333335
717,Beyoncé,Get Me Bodied,664,110,0.16566265060240964
718,"Blood, Sweat & Tears",Spinning Wheel,148,44,0.2972972972972973
720,Bow Wow Wow,I Want Candy,118,41,0.3474576271186441
721,Broken Bells,The Changing Lights,220,53,0.2409090909090909
723,Cowboy Junkies,Sweet Jane,134,30,0.22388059701492538
724,Creedence Clearwater Revival,Susie Q,168,67,0.39880952380952384
725,Death Cab for Cutie,We Looked Like Giants,176,64,0.36363636363636365
727,Franz Ferdinand,Take Me Out,243,27,0.1111111111111111
728,Fu Manchu,Eatin' Dust,91,60,0.6593406593406593
729,Gary Clark Jr.,Bright Lights,269,52,0.19330855018587362
730,Holy Barbarians,Bodhisattva,135,48,0.35555555555555557
731,Imagine Dragons,On Top of the World,476,58,0.12184873949579832
732,Jack White,Battle Cry,17,0,0.0
733,Jane's Addiction,Been Caught Stealing,236,39,0.1652542372881356
735,Jimi Hendrix,Who Knows - Live,233,52,0.22317596566523606
736,John Mellencamp,Pink Houses,328,79,0.24085365853658536
737,Joseph,White Flag,273,49,0.1794871794871795
738,Justin Timberlake,Rock Your Body,618,91,0.14724919093851133
739,Led Zeppelin,D'yer Mak'er,308,30,0.09740259740259741
740,Led Zeppelin,The Rain Song,202,55,0.2722772277227723
741,Luke Winslow-King,I'm Glad Trouble Don't Last Always,120,31,0.25833333333333336
743,Mark Ronson,Bang Bang Bang,577,145,0.2512998266897747
744,Massive Attack,I Against I,467,108,0.23126338329764454
745,Men at Work,Overkill,178,44,0.24719101123595505
748,Nine Inch Nails,Less Than,248,56,0.22580645161290322
749,Olivier Libaux,The Blood Is Love,151,61,0.40397350993377484
751,Primus,Tommy the Cat,477,103,0.21593291404612158
752,Queen,We Will Rock You,157,37,0.2356687898089172
753,Queens of the Stone Age,How to Handle a Rope,171,47,0.27485380116959063
754,Queens of the Stone Age,I'm Designer,307,94,0.30618892508143325
756,Queens of the Stone Age,Turnin' on the Screw,211,59,0.2796208530805687
757,Radiohead,Little by Little,164,40,0.24390243902439024
758,Rage Against the Machine,The Ghost of Tom Joad,318,109,0.34276729559748426
760,Red Hot Chili Peppers,Breaking the Girl,185,42,0.22702702702702704
761,Rival Sons,Face of Light,199,55,0.27638190954773867
762,Rival Sons,Stood By Me,197,36,0.18274111675126903
765,Royal Blood,I Only Lie When I Love You,283,43,0.1519434628975265
766,Satin Jackets,Control,165,28,0.1696969696969697
767,Satin Jackets,Northern Lights,257,46,0.17898832684824903
768,Secret Machines,First Wave Intact,127,44,0.3464566929133858
769,Soundgarden,Hunted Down,126,29,0.23015873015873015
770,Soundgarden,Superunknown,225,37,0.16444444444444445
771,Stevie Wonder,Superstition - Single Version,152,46,0.3026315789473684
772,Stone Temple Pilots,Piece of Pie,240,39,0.1625
773,The Black Angels,18 Years,115,48,0.41739130434782606
774,The Black Keys,Same Old Thing,103,26,0.2524271844660194
775,The Black Keys,Stay All Night,138,15,0.10869565217391304
776,The Black Keys,Things Ain't Like They Used To Be,191,38,0.19895287958115182
777,The Cinematic Orchestra,Channel 1 Suite,218,5,0.022935779816513763
778,The Cult,Rain,148,20,0.13513513513513514
779,The Cult,Star,280,37,0.13214285714285715
782,The Doobie Brothers,What a Fool Believes,266,59,0.22180451127819548
